"NAME","FAMILY","GROUPS","PDB","CHAIN","ALTERNATE_MODEL","SPECIES","LIGAND","PDB_IDENTIFIER","ALLOSTERIC_NAME","ALLOSTERIC_PDB","DFG","AC_HELIX"
"IRAK4","IRAK","TKL","6ega","B","B","Human","3-{2-[(cyclopropanecarbonyl)amino][1,3]thiazolo[5,4-b]pyridin-5-yl}-N-{4-[(piperazin-1-yl)methyl]-3-(trifluoromethyl)phenyl}benzamide","J8A","-","-","out","in"
"NTRK1 (TRKA)","Trk","TK","6d20","A","-","Human","5-{[2,4-dichloro-5-(pyridin-2-yl)benzene-1-carbonyl]amino}-N-(2-hydroxy-2-methylpropyl)-1-phenyl-1H-pyrazole-3-carboxamide","FQG","5-(4-fluorophenyl)thieno[2,3-d]pyrimidin-4(3H)-one","FQD","out","out"
"NTRK1 (TRKA)","Trk","TK","6dkb","A","-","Human","2-{[(3R,4S)-3-fluoro-1-{[4-(trifluoromethoxy)phenyl]acetyl}piperidin-4-yl]oxy}-5-(1-methyl-1H-imidazol-4-yl)pyridine-3-carboxamide","FKY","-","-","out","in"
"NTRK1 (TRKA)","Trk","TK","5wr7","A","-","Human","N-tert-butyl-2-[2-[6,6-dimethyl-8-(methylsulfonylamino)-11-oxidanylidene-naphtho[2,3-b][1]benzofuran-3-yl]ethynyl]-6-methyl-pyridine-4-carboxamide","RCH","-","-","out","in"
"NTRK1 (TRKA)","Trk","TK","5jfs","A","A","Human","N-{4-[4-amino-7-(propan-2-yl)-7H-pyrrolo[2,3-d]pyrimidine-5-carbonyl]pyridin-2-yl}-N'-(2,4-difluorophenyl)urea","6K0","-","-","out","in"
"STK11 (LKB1)","CAMKL","CAMK","8vsu","B","-","Human","ADENOSINE-5'-DIPHOSPHATE","ADP","-","-","out","out"
"IRAK4","IRAK","TKL","6eg9","A","B","Human","3-(imidazo[1,2-b]pyridazin-3-ylethynyl)-4-methyl-N-{4-[(4-methylpiperazin-1-yl)methyl]-3-(trifluoromethyl)phenyl}benzamide","0LI","-","-","out","in"
"AKT1","Akt","AGC","8uw7","A","A","Human","4-{2-[({4-[(2P)-2-(2-aminopyridin-3-yl)-5-phenyl-3H-imidazo[4,5-b]pyridin-3-yl]phenyl}methyl)amino]ethyl}-2-hydroxybenzaldehyde","XOO","-","-","out","out"
"MET","Met","TK","7v3r","A","B","Human","~{N}1'-[3-fluoranyl-4-(2-phenylazanylpyrimidin-4-yl)oxy-phenyl]-~{N}1-(4-fluorophenyl)cyclopropane-1,1-dicarboxamide","5IE","-","-","out","in"
"AKT1","Akt","AGC","8uvy","A","A","Human","4-{2-[({4-[(2P)-2-(2-aminopyridin-3-yl)-5-phenyl-3H-imidazo[4,5-b]pyridin-3-yl]phenyl}methyl)amino]ethyl}-2-hydroxybenzaldehyde","XOO","-","-","out","na"
"AKT1","Akt","AGC","8uw9","A","A","Human","N-({4-[(2P)-2-(2-aminopyridin-3-yl)-5-phenyl-3H-imidazo[4,5-b]pyridin-3-yl]phenyl}methyl)-2-(2-fluoro-4-formyl-3-hydroxyphenyl)acetamide","XQ2","-","-","out","na"
"AKT1","Akt","AGC","8uw2","A","A","Human","4-{2-[({4-[(2P)-2-(2-aminopyridin-3-yl)-5-phenyl-3H-imidazo[4,5-b]pyridin-3-yl]phenyl}methyl)amino]ethyl}-2-hydroxybenzaldehyde","XOO","-","-","out","na"
"AKT1","Akt","AGC","8uw7","A","B","Human","4-{2-[({4-[(2P)-2-(2-aminopyridin-3-yl)-5-phenyl-3H-imidazo[4,5-b]pyridin-3-yl]phenyl}methyl)amino]ethyl}-2-hydroxybenzaldehyde","XOO","-","-","out","out"
"AKT1","Akt","AGC","8uw2","A","B","Human","4-{2-[({4-[(2P)-2-(2-aminopyridin-3-yl)-5-phenyl-3H-imidazo[4,5-b]pyridin-3-yl]phenyl}methyl)amino]ethyl}-2-hydroxybenzaldehyde","XOO","-","-","out","na"
"MET","Met","TK","7v3s","A","A","Human","~{N}1'-[3-fluoranyl-4-(10~{H}-pyrido[3,2-b][1,4]benzoxazin-4-yloxy)phenyl]-~{N}1-(4-fluorophenyl)cyclopropane-1,1-dicarboxamide","5I9","-","-","out","in"
"MAPK14 (p38a)","MAPK","CMGC","3k3i","A","A","Human","(3S)-3-[4-(4-bromophenyl)-1H-imidazol-2-yl]-1,2,3,4-tetrahydroisoquinoline","JZJ","2-fluoro-4-[4-(4-fluorophenyl)-1H-pyrazol-3-yl]pyridine","I46","out","in"
"KIT","PDGFR","TK","6kla","A","B","Human","N-[6-(4-ethylpiperazin-1-yl)-2-methyl-pyrimidin-4-yl]-5-pyridin-4-yl-1,3-thiazol-2-amine","DJX","-","-","out","in"
"KIT","PDGFR","TK","6mob","A","A","Human","N-{4-chloro-5-[1-ethyl-7-(methylamino)-2-oxo-1,2-dihydro-1,6-naphthyridin-3-yl]-2-fluorophenyl}-N'-phenylurea","JWY","-","-","out","in"
"KIT","PDGFR","TK","1t46","A","B","Human","4-(4-METHYL-PIPERAZIN-1-YLMETHYL)-N-[4-METHYL-3-(4-PYRIDIN-3-YL-PYRIMIDIN-2-YLAMINO)-PHENYL]-BENZAMIDE","STI","-","-","out","in"
"KIT","PDGFR","TK","6xva","B","-","Human","~{N}-[[3-[2-[3-methoxy-5-(7-methoxyquinolin-4-yl)oxy-pyridin-2-yl]ethanoylamino]-5-methyl-phenyl]methyl]propanamide","O2K","-","-","out","in"
"KIT","PDGFR","TK","6gqm","B","-","Human","~{N}-[4-[[5-fluoranyl-7-(2-methoxyethoxy)quinazolin-4-yl]amino]phenyl]-2-(4-propan-2-yl-1,2,3-triazol-1-yl)ethanamide","F8H","-","-","out","in"
"KIT","PDGFR","TK","6gql","A","-","Human","~{N}-[4-(6,7-dimethoxyquinazolin-4-yl)oxyphenyl]-2-(4-propan-2-yl-1,2,3-triazol-1-yl)ethanamide","F8B","-","-","out","in"
"KIT","PDGFR","TK","6gqk","A","B","Human","~{N}-[4-(6,7-dimethoxyquinazolin-4-yl)oxyphenyl]-2-(1-ethylpyrazol-4-yl)ethanamide","F88","-","-","out","in"
"KIT","PDGFR","TK","3g0e","A","B","Human","N-[2-(diethylamino)ethyl]-5-[(Z)-(5-fluoro-2-oxo-1,2-dihydro-3H-indol-3-ylidene)methyl]-2,4-dimethyl-1H-pyrrole-3-carboxamide","B49","-","-","out","in"
"MAP3K7 (TAK1)","MLK","TKL","5gjf","A","-","Human","N-(2-isopropoxy-4-(4-methylpiperazine-1-carbonyl)phenyl)-2-(3-(3-phenylureido)phenyl)thiazole-4-carboxamide","6V4","-","-","out","in"
"KIT","PDGFR","TK","6gqk","A","A","Human","~{N}-[4-(6,7-dimethoxyquinazolin-4-yl)oxyphenyl]-2-(1-ethylpyrazol-4-yl)ethanamide","F88","-","-","out","in"
"KIT","PDGFR","TK","6hh1","A","A","Human","~{N}-(2,3-dimethylphenyl)-5-(4-pyridin-4-yloxyphenyl)-4~{H}-1,2,4-triazol-3-amine","G4E","-","-","out","in"
"KIT","PDGFR","TK","6gqj","B","B","Human","2-[4-(6,7-dimethoxyquinazolin-4-yl)oxy-2-methoxy-phenyl]-~{N}-(1-propan-2-ylpyrazol-4-yl)ethanamide","F82","-","-","out","in"
"KIT","PDGFR","TK","6xv9","A","-","Human","~{N}-[3-[(dimethylamino)methyl]-5-methyl-phenyl]-2-[3-methoxy-5-(7-methoxyquinolin-4-yl)oxy-pyridin-2-yl]ethanamide","O35","-","-","out","in"
"KIT","PDGFR","TK","6itt","B","B","Human","N-(5-ethyl-1,2-oxazol-3-yl)-N'-[4-(2-{[6-(4-ethylpyrazin-1(4H)-yl)pyrimidin-4-yl]amino}-1,3-thiazol-5-yl)phenyl]urea","AWO","-","-","out","in"
"KIT","PDGFR","TK","6mob","A","B","Human","N-{4-chloro-5-[1-ethyl-7-(methylamino)-2-oxo-1,2-dihydro-1,6-naphthyridin-3-yl]-2-fluorophenyl}-N'-phenylurea","JWY","-","-","out","in"
"TNNI3K (HH498)","MLK","TKL","7mgj","A","-","Human","N-methyl-4-[4-({[3-(trifluoromethyl)phenyl]carbamoyl}amino)phenoxy]pyridine-2-carboxamide","ZFS","-","-","out","in"
"KIT","PDGFR","TK","6gqk","B","B","Human","~{N}-[4-(6,7-dimethoxyquinazolin-4-yl)oxyphenyl]-2-(1-ethylpyrazol-4-yl)ethanamide","F88","-","-","out","in"
"KIT","PDGFR","TK","7khg","A","B","Human","5-[(5-chloro-1H-pyrrolo[2,3-b]pyridin-3-yl)methyl]-N-{[6-(trifluoromethyl)pyridin-3-yl]methyl}pyridin-2-amine","P31","-","-","out","in"
"KIT","PDGFR","TK","6gqm","A","-","Human","~{N}-[4-[[5-fluoranyl-7-(2-methoxyethoxy)quinazolin-4-yl]amino]phenyl]-2-(4-propan-2-yl-1,2,3-triazol-1-yl)ethanamide","F8H","-","-","out","in"
"KIT","PDGFR","TK","4hvs","A","-","Human","5-(1H-pyrrolo[2,3-b]pyridin-3-ylmethyl)-N-[4-(trifluoromethyl)benzyl]pyridin-2-amine","647","-","-","out","in"
"KIT","PDGFR","TK","6itt","A","B","Human","N-(5-ethyl-1,2-oxazol-3-yl)-N'-[4-(2-{[6-(4-ethylpyrazin-1(4H)-yl)pyrimidin-4-yl]amino}-1,3-thiazol-5-yl)phenyl]urea","AWO","-","-","out","in"
"KIT","PDGFR","TK","6xv9","B","-","Human","~{N}-[3-[(dimethylamino)methyl]-5-methyl-phenyl]-2-[3-methoxy-5-(7-methoxyquinolin-4-yl)oxy-pyridin-2-yl]ethanamide","O35","-","-","out","in"
"MET","Met","TK","7v3s","A","B","Human","~{N}1'-[3-fluoranyl-4-(10~{H}-pyrido[3,2-b][1,4]benzoxazin-4-yloxy)phenyl]-~{N}1-(4-fluorophenyl)cyclopropane-1,1-dicarboxamide","5I9","-","-","out","in"
"MET","Met","TK","7v3r","A","A","Human","~{N}1'-[3-fluoranyl-4-(2-phenylazanylpyrimidin-4-yl)oxy-phenyl]-~{N}1-(4-fluorophenyl)cyclopropane-1,1-dicarboxamide","5IE","-","-","out","in"
"KIT","PDGFR","TK","7zw8","A","B","Human","~{N}-[[4-(1-methylpyrazol-4-yl)phenyl]methyl]-6-[7-(3-pyrrolidin-1-ylpropoxy)imidazo[1,2-a]pyridin-3-yl]pyrimidin-4-amine","K3R","-","-","out","in"
"PTK2 (FAK)","FAK","TK","4ebw","A","C","Human","-","-","1-ethyl-8-(4-ethylphenyl)-5-methyl-1,5-dihydropyrazolo[4,3-c][2,1]benzothiazine 4,4-dioxide","0PF","out","in"
"PTK2 (FAK)","FAK","TK","4k9y","A","C","Human","1-[4-(6-amino-9H-purin-9-yl)phenyl]-3-[3-tert-butyl-1-(4-methylphenyl)-1H-pyrazol-5-yl]urea","K9Y","-","-","out","in"
"MKNK1 (MNK1)","MAPKAPK","CAMK","5wvd","B","-","Human","1-methyl-N-(5-phenyl-1,3-thiazol-2-yl)piperidine-4-carboxamide","7UX","-","-","out","in"
"MKNK1 (MNK1)","MAPKAPK","CAMK","5wvd","A","-","Human","1-methyl-N-(5-phenyl-1,3-thiazol-2-yl)piperidine-4-carboxamide","7UX","-","-","out","in"
"NEK2","NEK","Other","4afe","A","-","Human","4-(2-AMINO-5-{4-[(DIMETHYLAMINO)METHYL]THIOPHEN-2-YL}PYRIDIN-3-YL)-2-{[(1R,2Z)-4,4,4-TRIFLUORO-1-METHYLBUT-2-EN-1-YL]OXY}BENZAMIDE","GGY","-","-","out","out"
"PTK2 (FAK)","FAK","TK","4k9y","A","A","Human","1-[4-(6-amino-9H-purin-9-yl)phenyl]-3-[3-tert-butyl-1-(4-methylphenyl)-1H-pyrazol-5-yl]urea","K9Y","-","-","out","in"
"PTK2 (FAK)","FAK","TK","4ebw","A","A","Human","-","-","1-ethyl-8-(4-ethylphenyl)-5-methyl-1,5-dihydropyrazolo[4,3-c][2,1]benzothiazine 4,4-dioxide","0PF","out","in"
"TEK (TIE2)","Tie","TK","2oo8","X","-","Human","N-{3-[3-(DIMETHYLAMINO)PROPYL]-5-(TRIFLUOROMETHYL)PHENYL}-4-METHYL-3-[(3-PYRIMIDIN-4-YLPYRIDIN-2-YL)AMINO]BENZAMIDE","RAJ","-","-","out","in"
"TNNI3K (HH498)","MLK","TKL","7mgk","A","B","Human","N-(3,5-dichloro-4-{[6-(methylamino)pyrimidin-4-yl]oxy}phenyl)-N'-[3-(trifluoromethyl)phenyl]urea","ZGD","-","-","out","in"
"EPHA2 (EphA2)","Eph","TK","6q7d","A","B","Human","3-[[4-imidazol-1-yl-6-(4-oxidanylpiperidin-1-yl)-1,3,5-triazin-2-yl]amino]-4-methyl-~{N}-[3-(trifluoromethyl)phenyl]benzamide","HOT","-","-","out","in"
"KDR","VEGFR","TK","3c7q","A","-","Human","methyl (3Z)-3-{[(4-{methyl[(4-methylpiperazin-1-yl)acetyl]amino}phenyl)amino](phenyl)methylidene}-2-oxo-2,3-dihydro-1H-indole-6-carboxylate","XIN","-","-","out","in"
"CDK8","CDK","CMGC","5hvy","A","B","Human","N-{(3S)-1-[2-(methylamino)pyrimidin-4-yl]pyrrolidin-3-yl}-N'-{4-[(morpholin-4-yl)methyl]-3-(trifluoromethyl)phenyl}urea","66X","-","-","out","in"
"LCK","Src","TK","6pdj","A","B","Human","N-{4-[(6-methoxypyrazolo[1,5-a]pyridine-3-carbonyl)amino]-3-methylphenyl}-1-methyl-1H-indazole-3-carboxamide","ODJ","3-CYCLOHEXYL-1-PROPYLSULFONIC ACID","CXS","out","out"
"EPHA2 (EphA2)","Eph","TK","6het","A","B","Human","~{N}-(3-chlorophenyl)-4-methyl-3-[(1-methyl-6-pyridin-3-yl-pyrazolo[3,4-d]pyrimidin-4-yl)amino]benzamide","G0Q","-","-","out","in"
"STRADA (STLK5)","STE20","STE","2wtk","B","-","Human","PHOSPHOAMINOPHOSPHONIC ACID-ADENYLATE ESTER","ANP","-","-","out","in"
"STRADA (STLK5)","STE20","STE","2wtk","E","-","Human","PHOSPHOAMINOPHOSPHONIC ACID-ADENYLATE ESTER","ANP","-","-","out","in"
"Abl1 (ABL1)","Abl","TK","3oy3","A","-","Mouse","5-[(5-{[4-{[4-(2-hydroxyethyl)piperazin-1-yl]methyl}-3-(trifluoromethyl)phenyl]carbamoyl}-2-methylphenyl)ethynyl]-1-methyl-1H-imidazole-2-carboxamide","XY3","-","-","out","in"
"Abl1 (ABL1)","Abl","TK","1fpu","B","-","Mouse","N-[4-METHYL-3-[[4-(3-PYRIDINYL)-2-PYRIMIDINYL]AMINO]PHENYL]-3-PYRIDINECARBOXAMIDE","PRC","-","-","out","in"
"Abl1 (ABL1)","Abl","TK","1iep","A","-","Mouse","4-(4-METHYL-PIPERAZIN-1-YLMETHYL)-N-[4-METHYL-3-(4-PYRIDIN-3-YL-PYRIMIDIN-2-YLAMINO)-PHENYL]-BENZAMIDE","STI","-","-","out","in"
"Abl1 (ABL1)","Abl","TK","3k5v","A","B","Mouse","4-(4-METHYL-PIPERAZIN-1-YLMETHYL)-N-[4-METHYL-3-(4-PYRIDIN-3-YL-PYRIMIDIN-2-YLAMINO)-PHENYL]-BENZAMIDE","STI","3-(6-{[4-(trifluoromethoxy)phenyl]amino}pyrimidin-4-yl)benzamide","STJ","out","in"
"Mapk14 (p38a)","MAPK","CMGC","6y6v","A","A","Mouse","5-azanyl-~{N}-[[4-[[5-~{tert}-butyl-2-(4-methylphenyl)pyrazol-3-yl]carbamoyl]phenyl]methyl]-1-phenyl-pyrazole-4-carboxamide","OE5","-","-","out","in"
"Abl1 (ABL1)","Abl","TK","6hd6","B","B","Mouse","4-(4-METHYL-PIPERAZIN-1-YLMETHYL)-N-[4-METHYL-3-(4-PYRIDIN-3-YL-PYRIMIDIN-2-YLAMINO)-PHENYL]-BENZAMIDE","STI","-","-","out","in"
"Abl1 (ABL1)","Abl","TK","3mss","B","-","Mouse","4-(4-METHYL-PIPERAZIN-1-YLMETHYL)-N-[4-METHYL-3-(4-PYRIDIN-3-YL-PYRIMIDIN-2-YLAMINO)-PHENYL]-BENZAMIDE","STI","O-benzyl-N-methyl-L-tyrosinamide","MS7","out","in"
"Abl1 (ABL1)","Abl","TK","3k5v","A","A","Mouse","4-(4-METHYL-PIPERAZIN-1-YLMETHYL)-N-[4-METHYL-3-(4-PYRIDIN-3-YL-PYRIMIDIN-2-YLAMINO)-PHENYL]-BENZAMIDE","STI","3-(6-{[4-(trifluoromethoxy)phenyl]amino}pyrimidin-4-yl)benzamide","STJ","out","in"
"Abl1 (ABL1)","Abl","TK","3k5v","B","B","Mouse","4-(4-METHYL-PIPERAZIN-1-YLMETHYL)-N-[4-METHYL-3-(4-PYRIDIN-3-YL-PYRIMIDIN-2-YLAMINO)-PHENYL]-BENZAMIDE","STI","3-(6-{[4-(trifluoromethoxy)phenyl]amino}pyrimidin-4-yl)benzamide","STJ","out","in"
"LIMK2","LISK","TKL","5nxd","B","A","Human","4-[(3-chlorophenyl)sulfamoyl]-~{N}-(phenylmethyl)-~{N}-propyl-benzamide","9D8","-","-","out","out"
"Abl1 (ABL1)","Abl","TK","3ik3","B","-","Mouse","3-(imidazo[1,2-b]pyridazin-3-ylethynyl)-4-methyl-N-{4-[(4-methylpiperazin-1-yl)methyl]-3-(trifluoromethyl)phenyl}benzamide","0LI","-","-","out","in"
"Mapk14 (p38a)","MAPK","CMGC","6yk7","A","B","Mouse","5-azanyl-~{N}-[[4-[[(2~{S})-4-cyclohexyl-1-(ethylamino)-1-oxidanylidene-butan-2-yl]carbamoyl]phenyl]methyl]-1-phenyl-pyrazole-4-carboxamide","OU2","-","-","out","in"
"LIMK2","LISK","TKL","7qhg","A","B","Human","2-(2-methylpropanoylamino)-~{N}-[2-[(phenylmethyl)-[4-(phenylsulfamoyl)phenyl]carbonyl-amino]ethyl]-1,3-thiazole-5-carboxamide","T3B","-","-","out","out"
"EPHA2 (EphA2)","Eph","TK","6q7g","A","C","Human","3-[(4-imidazol-1-yl-6-morpholin-4-yl-1,3,5-triazin-2-yl)amino]-4-methyl-~{N}-[3-(trifluoromethyl)phenyl]benzamide","HO8","-","-","out","in"
"EPHA2 (EphA2)","Eph","TK","6q7g","A","A","Human","3-[(4-imidazol-1-yl-6-morpholin-4-yl-1,3,5-triazin-2-yl)amino]-4-methyl-~{N}-[3-(trifluoromethyl)phenyl]benzamide","HO8","-","-","out","in"
"EPHA2 (EphA2)","Eph","TK","6het","A","A","Human","~{N}-(3-chlorophenyl)-4-methyl-3-[(1-methyl-6-pyridin-3-yl-pyrazolo[3,4-d]pyrimidin-4-yl)amino]benzamide","G0Q","-","-","out","in"
"Mapk14 (p38a)","MAPK","CMGC","6yk7","A","A","Mouse","5-azanyl-~{N}-[[4-[[(2~{S})-4-cyclohexyl-1-(ethylamino)-1-oxidanylidene-butan-2-yl]carbamoyl]phenyl]methyl]-1-phenyl-pyrazole-4-carboxamide","OU2","-","-","out","in"
"Mapk14 (p38a)","MAPK","CMGC","3p79","A","-","Mouse","1-{3-tert-butyl-1-[2-(1,1-dioxidothiomorpholin-4-yl)-2-oxoethyl]-1H-pyrazol-5-yl}-3-naphthalen-2-ylurea","P79","-","-","out","in"
"Mapk14 (p38a)","MAPK","CMGC","6y4t","A","B","Mouse","5-azanyl-~{N}-[[4-[[(2~{S})-1-[[(2~{S})-butan-2-yl]amino]-4-cyclohexyl-1-oxidanylidene-butan-2-yl]carbamoyl]phenyl]methyl]-1-phenyl-pyrazole-4-carboxamide","O8W","-","-","out","in"
"Abl1 (ABL1)","Abl","TK","3ms9","A","A","Mouse","4-(4-METHYL-PIPERAZIN-1-YLMETHYL)-N-[4-METHYL-3-(4-PYRIDIN-3-YL-PYRIMIDIN-2-YLAMINO)-PHENYL]-BENZAMIDE","STI","methyl 2-amino-4-chlorobenzoate","MS9","out","in"
"EGFR","EGFR","TK","5hg9","A","B","Human","1-[(3R,4R)-3-[({2-[(1-methyl-1H-pyrazol-4-yl)amino]-7H-pyrrolo[2,3-d]pyrimidin-4-yl}oxy)methyl]-4-(trifluoromethyl)pyrrolidin-1-yl]propan-1-one","63A","-","-","out","out"
"EPHA3 (EphA3)","Eph","TK","4p5z","A","-","Human","2-amino-1-[4-({[3-(trifluoromethyl)phenyl]carbamoyl}amino)phenyl]-1H-pyrrolo[2,3-b]quinoxaline-3-carboxamide","Q7M","-","-","out","in"
"EPHA2 (EphA2)","Eph","TK","6hex","A","A","Human","4-methyl-3-[(1-methyl-6-pyrazin-2-yl-pyrazolo[3,4-d]pyrimidin-4-yl)amino]-~{N}-[3-(trifluoromethyl)phenyl]benzamide","G02","-","-","out","in"
"EPHA2 (EphA2)","Eph","TK","6q7g","A","B","Human","3-[(4-imidazol-1-yl-6-morpholin-4-yl-1,3,5-triazin-2-yl)amino]-4-methyl-~{N}-[3-(trifluoromethyl)phenyl]benzamide","HO8","-","-","out","in"
"EPHA2 (EphA2)","Eph","TK","5ia4","A","B","Human","N-(3-fluoro-4-{[6-methoxy-7-(3-morpholin-4-ylpropoxy)quinolin-4-yl]oxy}phenyl)-N'-(4-fluorophenyl)cyclopropane-1,1-dicarboxamide","88Z","-","-","out","in"
"EPHB4 (EphB4)","Eph","TK","6fnj","B","A","Human","4-methyl-3-[(2-methyl-6-pyridin-3-yl-pyrazolo[3,4-d]pyrimidin-4-yl)amino]-~{N}-[3-(trifluoromethyl)phenyl]benzamide","DWT","-","-","out","in"
"EPHA2 (EphA2)","Eph","TK","6hes","A","B","Human","4-methyl-3-[(2-pyridin-3-ylquinazolin-4-yl)amino]-~{N}-[3-(trifluoromethyl)phenyl]benzamide","G0H","-","-","out","in"
"AURKA (AurA)","Aur","Other","2c6e","A","-","Human","N-{5-[(7-{[(2S)-2-HYDROXY-3-PIPERIDIN-1-YLPROPYL]OXY}-6-METHOXYQUINAZOLIN-4-YL)AMINO]PYRIMIDIN-2-YL}BENZAMIDE","HPM","-","-","out","in"
"EGFR","EGFR","TK","5u8l","A","A","Human","4-[(4-{4-[(3-cyclopropyl-1H-pyrazol-5-yl)amino]-6-[(prop-2-yn-1-yl)carbamoyl]pyrimidin-2-yl}piperazin-1-yl)methyl]benzene-1-sulfonyl fluoride","O44","-","-","out","out"
"AKT2","Akt","AGC","9c1w","A","-","Human","4-{2-[({4-[(2P)-2-(2-aminopyridin-3-yl)-5-phenyl-3H-imidazo[4,5-b]pyridin-3-yl]phenyl}methyl)amino]ethyl}-2-hydroxybenzaldehyde","XOO","-","-","out","out"
"MET","Met","TK","8ouu","A","B","Human","5-(3-ethynyl-5-fluoranyl-1H-indazol-7-yl)-1-[(1S)-1-phenylethyl]pyrimidine-2,4-dione","W49","-","-","out","out"
"MET","Met","TK","8ouu","A","A","Human","5-(3-ethynyl-5-fluoranyl-1H-indazol-7-yl)-1-[(1S)-1-phenylethyl]pyrimidine-2,4-dione","W49","-","-","out","out"
"AKT1","Akt","AGC","8uw9","A","B","Human","N-({4-[(2P)-2-(2-aminopyridin-3-yl)-5-phenyl-3H-imidazo[4,5-b]pyridin-3-yl]phenyl}methyl)-2-(2-fluoro-4-formyl-3-hydroxyphenyl)acetamide","XQ2","-","-","out","na"
"AKT1","Akt","AGC","8uvy","A","B","Human","4-{2-[({4-[(2P)-2-(2-aminopyridin-3-yl)-5-phenyl-3H-imidazo[4,5-b]pyridin-3-yl]phenyl}methyl)amino]ethyl}-2-hydroxybenzaldehyde","XOO","-","-","out","na"
"EPHA3 (EphA3)","Eph","TK","4twn","A","B","Human","1-(5-TERT-BUTYL-2-P-TOLYL-2H-PYRAZOL-3-YL)-3-[4-(2-MORPHOLIN-4-YL-ETHOXY)-NAPHTHALEN-1-YL]-UREA","B96","-","-","out","in"
"STK10 (LOK)","STE20","STE","6eim","B","B","Human","~{N}-[5-[4-[[2-fluoranyl-5-(trifluoromethyl)phenyl]carbamoylamino]phenoxy]-1~{H}-benzimidazol-2-yl]furan-2-carboxamide","B6E","-","-","out","in"
"STK10 (LOK)","STE20","STE","4usd","A","B","Human","4-{5-(6-methoxynaphthalen-2-yl)-1-methyl-2-[2-methyl-4-(methylsulfonyl)phenyl]-1H-imidazol-4-yl}pyridine","R09","-","-","out","in"
"NTRK1 (TRKA)","Trk","TK","5kmi","A","-","Human","1-(9~{H}-fluoren-9-yl)-3-(2-methyl-4-phenyl-pyrimidin-5-yl)urea","6UE","-","-","out","in"
"MET","Met","TK","6sdc","A","A","Human","N-(3-fluoro-4-{[6-methoxy-7-(3-morpholin-4-ylpropoxy)quinolin-4-yl]oxy}phenyl)-N'-(4-fluorophenyl)cyclopropane-1,1-dicarboxamide","88Z","-","-","out","in"
"NTRK1 (TRKA)","Trk","TK","6dki","A","B","Human","6-amino-5-{[(3S)-4,4-difluoro-1-{[4-(trifluoromethoxy)phenyl]acetyl}pyrrolidin-3-yl]oxy}-N-methylpyridine-3-carboxamide","GOD","5-phenylthieno[2,3-d]pyrimidin-4(3H)-one","22L","out","in"
"TNNI3K (HH498)","MLK","TKL","7mgk","A","A","Human","N-(3,5-dichloro-4-{[6-(methylamino)pyrimidin-4-yl]oxy}phenyl)-N'-[3-(trifluoromethyl)phenyl]urea","ZGD","-","-","out","in"
"EGFR","EGFR","TK","5hg5","A","B","Human","N-{3-[(2-{[4-(4-methylpiperazin-1-yl)phenyl]amino}-7H-pyrrolo[2,3-d]pyrimidin-4-yl)oxy]phenyl}propanamide","633","-","-","out","out"
"LIMK2","LISK","TKL","5nxd","A","B","Human","4-[(3-chlorophenyl)sulfamoyl]-~{N}-(phenylmethyl)-~{N}-propyl-benzamide","9D8","-","-","out","out"
"BRAF","RAF","TKL","5vam","B","A","Human","N-{2-methyl-5'-(morpholin-4-yl)-6'-[(oxan-4-yl)oxy][3,3'-bipyridin]-5-yl}-3-(trifluoromethyl)benzamide","92J","-","-","out","in"
"NTRK1 (TRKA)","Trk","TK","7xbi","A","B","Human","4-[[2-fluoranyl-5-(trifluoromethyl)phenyl]carbamoylamino]-~{N}-[3-(1-methylpyrazol-4-yl)-1~{H}-indazol-5-yl]-2-(trifluoromethyl)benzamide","CVY","-","-","out","in"
"NTRK1 (TRKA)","Trk","TK","7xbi","A","A","Human","4-[[2-fluoranyl-5-(trifluoromethyl)phenyl]carbamoylamino]-~{N}-[3-(1-methylpyrazol-4-yl)-1~{H}-indazol-5-yl]-2-(trifluoromethyl)benzamide","CVY","-","-","out","in"
"Mapk14 (p38a)","MAPK","CMGC","6y4u","A","B","Mouse","5-azanyl-~{N}-[[4-[[(2~{S})-4-cyclohexyl-1-oxidanylidene-1-(pentan-3-ylamino)butan-2-yl]carbamoyl]phenyl]methyl]-1-phenyl-pyrazole-4-carboxamide","O98","-","-","out","in"
"Abl1 (ABL1)","Abl","TK","6hd6","B","A","Mouse","4-(4-METHYL-PIPERAZIN-1-YLMETHYL)-N-[4-METHYL-3-(4-PYRIDIN-3-YL-PYRIMIDIN-2-YLAMINO)-PHENYL]-BENZAMIDE","STI","-","-","out","in"
"Abl1 (ABL1)","Abl","TK","6hd4","B","A","Mouse","4-(4-METHYL-PIPERAZIN-1-YLMETHYL)-N-[4-METHYL-3-(4-PYRIDIN-3-YL-PYRIMIDIN-2-YLAMINO)-PHENYL]-BENZAMIDE","STI","6-[(3~{R})-3-oxidanylpyrrolidin-1-yl]-5-pyrimidin-5-yl-~{N}-[4-(trifluoromethyloxy)phenyl]pyridine-3-carboxamide","FYW","out","in"
"Abl1 (ABL1)","Abl","TK","3oy3","B","-","Mouse","5-[(5-{[4-{[4-(2-hydroxyethyl)piperazin-1-yl]methyl}-3-(trifluoromethyl)phenyl]carbamoyl}-2-methylphenyl)ethynyl]-1-methyl-1H-imidazole-2-carboxamide","XY3","-","-","out","in"
"Mapk14 (p38a)","MAPK","CMGC","3p7c","A","-","Mouse","1-[5-tert-butyl-3-({4-[2-(dimethylamino)ethyl]-5-oxo-1,4-diazepan-1-yl}carbonyl)thiophen-2-yl]-3-(2,3-dichlorophenyl)urea","P7C","-","-","out","in"
"MAPK11 (p38b)","MAPK","CMGC","3gp0","A","A","Human","Nilotinib","NIL","-","-","out","in"
"MAPK11 (p38b)","MAPK","CMGC","3gp0","A","B","Human","Nilotinib","NIL","-","-","out","in"
"EPHA2 (EphA2)","Eph","TK","6q7e","A","B","Human","3-[[4-imidazol-1-yl-6-[(3~{R})-3-oxidanylpyrrolidin-1-yl]-1,3,5-triazin-2-yl]amino]-4-methyl-~{N}-[3-(trifluoromethyl)phenyl]benzamide","HMW","-","-","out","in"
"ABL1","Abl","TK","6npu","A","-","Human","4-(4-METHYL-PIPERAZIN-1-YLMETHYL)-N-[4-METHYL-3-(4-PYRIDIN-3-YL-PYRIMIDIN-2-YLAMINO)-PHENYL]-BENZAMIDE","STI","~{N}-[2-(3,4-dichlorophenyl)-3,4-dihydropyrazol-5-yl]ethanamide","KWV","out","in"
"MERTK (MER)","Axl","TK","7aw4","A","A","Human","3-methyl-5-(4-methyl-1,2,3-thiadiazol-5-yl)-N-((R)-1-(((R)-3-(methylamino)-3-oxo-1-(4-(trifluoromethyl)phenyl)propyl)amino)-1-oxo-4-phenylbutan-2-yl)isoxazole-4-carboxamide","S5E","-","-","out","out"
"MERTK (MER)","Axl","TK","7aw4","A","B","Human","3-methyl-5-(4-methyl-1,2,3-thiadiazol-5-yl)-N-((R)-1-(((R)-3-(methylamino)-3-oxo-1-(4-(trifluoromethyl)phenyl)propyl)amino)-1-oxo-4-phenylbutan-2-yl)isoxazole-4-carboxamide","S5E","-","-","out","out"
"AKT1","Akt","AGC","6hhi","A","-","Human","~{N}-[1-[[4-(5-oxidanylidene-3-phenyl-6~{H}-1,6-naphthyridin-2-yl)phenyl]methyl]piperidin-4-yl]-3-(propanoylamino)benzamide","G4N","-","-","out","na"
"EGFR","EGFR","TK","5hg5","A","A","Human","N-{3-[(2-{[4-(4-methylpiperazin-1-yl)phenyl]amino}-7H-pyrrolo[2,3-d]pyrimidin-4-yl)oxy]phenyl}propanamide","633","-","-","out","out"
"LIMK2","LISK","TKL","5nxd","B","B","Human","4-[(3-chlorophenyl)sulfamoyl]-~{N}-(phenylmethyl)-~{N}-propyl-benzamide","9D8","-","-","out","out"
"EPHA2 (EphA2)","Eph","TK","6q7b","A","B","Human","3-[[4-imidazol-1-yl-6-[(3~{S})-3-oxidanylpyrrolidin-1-yl]-1,3,5-triazin-2-yl]amino]-4-methyl-~{N}-[3-(trifluoromethyl)phenyl]benzamide","HO5","-","-","out","in"
"EGFR","EGFR","TK","5hg7","A","-","Human","1-{(3R,4R)-3-[({5-chloro-2-[(1-methyl-1H-pyrazol-4-yl)amino]-7H-pyrrolo[2,3-d]pyrimidin-4-yl}oxy)methyl]-4-methoxypyrrolidin-1-yl}propan-1-one","630","-","-","out","out"
"EGFR","EGFR","TK","5uga","A","A","Human","4-(4-{[2-{[(3S)-1-acetylpyrrolidin-3-yl]amino}-9-(propan-2-yl)-9H-purin-6-yl]amino}phenyl)-1-methylpiperazin-1-ium","8BM","-","-","out","out"
"EPHB4 (EphB4)","Eph","TK","6fni","A","B","Human","4-methyl-3-[(1-methyl-6-pyridin-3-yl-pyrazolo[3,4-d]pyrimidin-4-yl)amino]-~{N}-[3-(trifluoromethyl)phenyl]benzamide","DXH","-","-","out","in"
"EGFR","EGFR","TK","5ugc","A","A","Human","N-[(3R,4R)-4-fluoro-1-{6-[(3-methoxy-1-methyl-1H-pyrazol-4-yl)amino]-9-methyl-9H-purin-2-yl}pyrrolidin-3-yl]propanamide","8BS","-","-","out","out"
"STK10 (LOK)","STE20","STE","6eim","A","A","Human","~{N}-[5-[4-[[2-fluoranyl-5-(trifluoromethyl)phenyl]carbamoylamino]phenoxy]-1~{H}-benzimidazol-2-yl]furan-2-carboxamide","B6E","-","-","out","in"
"STK10 (LOK)","STE20","STE","4equ","B","A","Human","N-{3-[(3-{4-[(4-methoxyphenyl)amino]-1,3,5-triazin-2-yl}pyridin-2-yl)amino]-4-methylphenyl}-3-(trifluoromethyl)benzamide","G6I","-","-","out","in"
"CDK8","CDK","CMGC","4f7j","A","A","Human","1-[3-tert-butyl-1-(4-methylphenyl)-1H-pyrazol-5-yl]-3-(2-hydroxyethyl)urea","0SU","-","-","out","in"
"MET","Met","TK","5dg5","B","B","Human","N-(2,5-difluoro-4-{[2-(1-methyl-1H-pyrazol-4-yl)pyridin-4-yl]oxy}phenyl)-N'-(4-fluorophenyl)cyclopropane-1,1-dicarboxamide","5B4","-","-","out","in"
"STK10 (LOK)","STE20","STE","6i2y","B","-","Human","N-(3-fluoro-4-{[6-methoxy-7-(3-morpholin-4-ylpropoxy)quinolin-4-yl]oxy}phenyl)-N'-(4-fluorophenyl)cyclopropane-1,1-dicarboxamide","88Z","-","-","out","in"
"EPHB4 (EphB4)","Eph","TK","6fnj","B","B","Human","4-methyl-3-[(2-methyl-6-pyridin-3-yl-pyrazolo[3,4-d]pyrimidin-4-yl)amino]-~{N}-[3-(trifluoromethyl)phenyl]benzamide","DWT","-","-","out","in"
"DDR1","DDR","TK","5sb0","A","-","Human","N-{[(1R,2S)-2-{2-[(pyridin-3-yl)oxy]ethyl}cyclohexyl]methyl}-3-(trifluoromethoxy)benzamide","1IZ","-","-","out","in"
"DDR1","DDR","TK","5sav","A","A","Human","N-(2-{3-[(2-aminopyrimidin-5-yl)oxy]phenyl}ethyl)-3-(trifluoromethoxy)benzamide","1IJ","-","-","out","in"
"AURKA (AurA)","Aur","Other","6c83","A","-","Human","PHOSPHOMETHYLPHOSPHONIC ACID ADENYLATE ESTER","ACP","-","-","out","in"
"EPHA2 (EphA2)","Eph","TK","8bof","A","B","Human","4-methyl-~{N}-(3-methylphenyl)-3-[(1-methyl-6-pyridin-3-yl-pyrazolo[3,4-d]pyrimidin-4-yl)amino]benzamide","R3L","-","-","out","in"
"STK10 (LOK)","STE20","STE","6gtt","A","A","Human","1-(5-TERT-BUTYL-2-P-TOLYL-2H-PYRAZOL-3-YL)-3-[4-(2-MORPHOLIN-4-YL-ETHOXY)-NAPHTHALEN-1-YL]-UREA","B96","-","-","out","in"
"CDK16 (PCTAIRE1)","CDK","CMGC","5g6v","B","-","Human","4-[4-({[3-tert-butyl-1-(quinolin-6-yl)-1H-pyrazol-5-yl]carbamoyl}amino)-3-fluorophenoxy]-N-methylpyridine-2-carboxamide","919","-","-","out","in"
"TNK2 (ACK)","Ack","TK","5zxb","A","A","Human","N-{3-[7-{[6-(4-acetylpiperazin-1-yl)pyridin-3-yl]amino}-1-methyl-2-oxo-1,4-dihydropyrimido[4,5-d]pyrimidin-3(2H)-yl]-4-methylphenyl}-3-(trifluoromethyl)benzamide","9KO","-","-","out","in"
"STK10 (LOK)","STE20","STE","6eim","A","B","Human","~{N}-[5-[4-[[2-fluoranyl-5-(trifluoromethyl)phenyl]carbamoylamino]phenoxy]-1~{H}-benzimidazol-2-yl]furan-2-carboxamide","B6E","-","-","out","in"
"TNK2 (ACK)","Ack","TK","5zxb","A","B","Human","N-{3-[7-{[6-(4-acetylpiperazin-1-yl)pyridin-3-yl]amino}-1-methyl-2-oxo-1,4-dihydropyrimido[4,5-d]pyrimidin-3(2H)-yl]-4-methylphenyl}-3-(trifluoromethyl)benzamide","9KO","-","-","out","in"
"BRAF","RAF","TKL","6b8u","A","-","Human","~{N}-[3-(2-acetamidoimidazo[1,2-a]pyridin-6-yl)-4-methyl-phenyl]-3-(trifluoromethyl)benzamide","8EN","-","-","out","in"
"BRAF","RAF","TKL","6p3d","A","-","Human","3-(imidazo[1,2-b]pyridazin-3-ylethynyl)-4-methyl-N-{4-[(4-methylpiperazin-1-yl)methyl]-3-(trifluoromethyl)phenyl}benzamide","0LI","-","-","out","in"
"BRAF","RAF","TKL","8c7y","A","A","Human","~{N}-[3-[(5-chloranyl-1~{H}-pyrrolo[2,3-b]pyridin-3-yl)carbonyl]-2,4-bis(fluoranyl)phenyl]-3-(2-cyanopropan-2-yl)benzamide","TXV","-","-","out","in"
"BRAF","RAF","TKL","8c7y","A","B","Human","~{N}-[3-[(5-chloranyl-1~{H}-pyrrolo[2,3-b]pyridin-3-yl)carbonyl]-2,4-bis(fluoranyl)phenyl]-3-(2-cyanopropan-2-yl)benzamide","TXV","-","-","out","in"
"FGFR4","FGFR","TK","4qqc","A","A","Human","N-(4-{[3-(3,5-dimethoxyphenyl)-7-{[4-(4-methylpiperazin-1-yl)phenyl]amino}-2-oxo-3,4-dihydropyrimido[4,5-d]pyrimidin-1(2H)-yl]methyl}phenyl)propanamide","37O","-","-","out","in"
"STK10 (LOK)","STE20","STE","4usd","B","B","Human","4-{5-(6-methoxynaphthalen-2-yl)-1-methyl-2-[2-methyl-4-(methylsulfonyl)phenyl]-1H-imidazol-4-yl}pyridine","R09","-","-","out","in"
"FGFR4","FGFR","TK","4r6v","A","-","Human","N-[4-({[(2,6-dichloro-3,5-dimethoxyphenyl)carbamoyl](6-{[4-(4-methylpiperazin-1-yl)phenyl]amino}pyrimidin-4-yl)amino}methyl)phenyl]propanamide","FI3","-","-","out","in"
"EPHA2 (EphA2)","Eph","TK","8bog","A","A","Human","~{N}-[4-methyl-3-[(1-methyl-6-pyridin-3-yl-pyrazolo[3,4-d]pyrimidin-4-yl)amino]phenyl]-3-(trifluoromethyl)benzamide","QUU","-","-","out","in"
"FGFR4","FGFR","TK","4uxq","A","-","Human","3-(imidazo[1,2-b]pyridazin-3-ylethynyl)-4-methyl-N-{4-[(4-methylpiperazin-1-yl)methyl]-3-(trifluoromethyl)phenyl}benzamide","0LI","-","-","out","in"
"BRAF","RAF","TKL","8f7p","A","B","Human","N-{3-[2-(2-hydroxyethoxy)-6-(morpholin-4-yl)pyridin-4-yl]-4-methylphenyl}-2-(trifluoromethyl)pyridine-4-carboxamide","K81","-","-","out","in"
"BRAF","RAF","TKL","8f7o","A","B","Human","6-amino-5-chloro-N-[(1R)-1-(5-{[5-chloro-4-(trifluoromethyl)pyridin-2-yl]carbamoyl}-1,3-thiazol-2-yl)ethyl]pyrimidine-4-carboxamide","QOP","-","-","out","in"
"BRAF","RAF","TKL","8f7p","A","A","Human","N-{3-[2-(2-hydroxyethoxy)-6-(morpholin-4-yl)pyridin-4-yl]-4-methylphenyl}-2-(trifluoromethyl)pyridine-4-carboxamide","K81","-","-","out","in"
"MET","Met","TK","4mxc","A","B","Human","N-(3-fluoro-4-{[2-({3-[(methylsulfonyl)methyl]phenyl}amino)pyrimidin-4-yl]oxy}phenyl)-N'-(4-fluorophenyl)cyclopropane-1,1-dicarboxamide","DWF","-","-","out","in"
"BRAF","RAF","TKL","8c7x","A","B","Human","~{N}-[3-[(5-chloranyl-1~{H}-pyrrolo[2,3-b]pyridin-3-yl)carbonyl]-2,4-bis(fluoranyl)phenyl]-3-(2-cyanopropan-2-yl)benzamide","TXV","-","-","out","out"
"BRAF","RAF","TKL","8c7x","A","A","Human","~{N}-[3-[(5-chloranyl-1~{H}-pyrrolo[2,3-b]pyridin-3-yl)carbonyl]-2,4-bis(fluoranyl)phenyl]-3-(2-cyanopropan-2-yl)benzamide","TXV","-","-","out","out"
"BRAF","RAF","TKL","8f7o","A","A","Human","6-amino-5-chloro-N-[(1R)-1-(5-{[5-chloro-4-(trifluoromethyl)pyridin-2-yl]carbamoyl}-1,3-thiazol-2-yl)ethyl]pyrimidine-4-carboxamide","QOP","-","-","out","in"
"KDR","VEGFR","TK","3vnt","A","A","Human","2-chloro-3-(1-cyanocyclopropyl)-N-[5-({2-[(cyclopropylcarbonyl)amino][1,3]thiazolo[5,4-b]pyridin-5-yl}oxy)-2-fluorophenyl]benzamide","0JA","-","-","out","in"
"FGFR4","FGFR","TK","4qrc","A","-","Human","3-(imidazo[1,2-b]pyridazin-3-ylethynyl)-4-methyl-N-{4-[(4-methylpiperazin-1-yl)methyl]-3-(trifluoromethyl)phenyl}benzamide","0LI","-","-","out","in"
"SLK","STE20","STE","8bem","A","B","Human","TIVOZANIB","AV9","-","-","out","in"
"EGFR","EGFR","TK","5hg9","A","A","Human","1-[(3R,4R)-3-[({2-[(1-methyl-1H-pyrazol-4-yl)amino]-7H-pyrrolo[2,3-d]pyrimidin-4-yl}oxy)methyl]-4-(trifluoromethyl)pyrrolidin-1-yl]propan-1-one","63A","-","-","out","out"
"FLT1","VEGFR","TK","3hng","A","A","Human","N-(4-chlorophenyl)-2-[(pyridin-4-ylmethyl)amino]benzamide","8ST","-","-","out","in"
"LIMK2","LISK","TKL","5nxd","A","A","Human","4-[(3-chlorophenyl)sulfamoyl]-~{N}-(phenylmethyl)-~{N}-propyl-benzamide","9D8","-","-","out","out"
"LIMK2","LISK","TKL","4tpt","B","-","Human","N-{4-[(1S)-1,2-dihydroxyethyl]benzyl}-N-methyl-4-(phenylsulfamoyl)benzamide","35H","-","-","out","out"
"LIMK2","LISK","TKL","7qhg","A","A","Human","2-(2-methylpropanoylamino)-~{N}-[2-[(phenylmethyl)-[4-(phenylsulfamoyl)phenyl]carbonyl-amino]ethyl]-1,3-thiazole-5-carboxamide","T3B","-","-","out","out"
"LIMK2","LISK","TKL","4tpt","A","-","Human","N-{4-[(1S)-1,2-dihydroxyethyl]benzyl}-N-methyl-4-(phenylsulfamoyl)benzamide","35H","-","-","out","out"
"FLT1","VEGFR","TK","3hng","A","B","Human","N-(4-chlorophenyl)-2-[(pyridin-4-ylmethyl)amino]benzamide","8ST","-","-","out","in"
"NTRK1 (TRKA)","Trk","TK","6dkg","A","A","Human","2-{[(3R,4S)-3-fluoro-1-{[4-(trifluoromethoxy)phenyl]acetyl}piperidin-4-yl]oxy}-4-(2-hydroxy-2-methylpropoxy)benzamide","GO7","5-phenylthieno[2,3-d]pyrimidin-4(3H)-one","22L","out","in"
"EPHA3 (EphA3)","Eph","TK","4twn","A","A","Human","1-(5-TERT-BUTYL-2-P-TOLYL-2H-PYRAZOL-3-YL)-3-[4-(2-MORPHOLIN-4-YL-ETHOXY)-NAPHTHALEN-1-YL]-UREA","B96","-","-","out","in"
"EPHA3 (EphA3)","Eph","TK","3dzq","A","A","Human","N-[2-methyl-5-({[3-(4-methyl-1H-imidazol-1-yl)-5-(trifluoromethyl)phenyl]carbonyl}amino)phenyl]isoxazole-5-carboxamide","IFC","-","-","out","in"
"EPHA3 (EphA3)","Eph","TK","3dzq","A","B","Human","N-[2-methyl-5-({[3-(4-methyl-1H-imidazol-1-yl)-5-(trifluoromethyl)phenyl]carbonyl}amino)phenyl]isoxazole-5-carboxamide","IFC","-","-","out","in"
"MAPK11 (p38b)","MAPK","CMGC","8ygw","A","-","Human","1-(5-TERT-BUTYL-2-P-TOLYL-2H-PYRAZOL-3-YL)-3-[4-(2-MORPHOLIN-4-YL-ETHOXY)-NAPHTHALEN-1-YL]-UREA","B96","-","-","out","in"
"NTRK1 (TRKA)","Trk","TK","6dki","A","A","Human","6-amino-5-{[(3S)-4,4-difluoro-1-{[4-(trifluoromethoxy)phenyl]acetyl}pyrrolidin-3-yl]oxy}-N-methylpyridine-3-carboxamide","GOD","5-phenylthieno[2,3-d]pyrimidin-4(3H)-one","22L","out","in"
"BRAF","RAF","TKL","6cad","B","-","Human","1-(propan-2-yl)-3-({3-[3-(trifluoromethyl)phenyl]isoquinolin-8-yl}ethynyl)-1H-pyrazolo[3,4-d]pyrimidin-4-amine","EU4","-","-","out","out"
"BRAF","RAF","TKL","4g9c","A","-","Human","3-{[3-(2-cyanopropan-2-yl)benzoyl]amino}-2,6-difluoro-N-(3-methoxy-2H-pyrazolo[3,4-b]pyridin-5-yl)benzamide","0WP","-","-","out","in"
"CSF1R (FMS)","PDGFR","TK","8jot","A","-","Human","N-(2-(dimethylamino)ethyl)-1-(3-((4-((2-methyl-1H-indol-5-yl)oxy)pyrimidin-2-yl)amino)phenyl)methanesulfonamide","UKI","-","-","out","in"
"RIPK2","RIPK","TKL","6es0","A","-","Human","2-[2-fluoranyl-4-[[2-fluoranyl-4-[2-(methylcarbamoyl)pyridin-4-yl]oxy-phenyl]carbamoylamino]phenyl]sulfanylethanoic acid","BW8","-","-","out","in"
"ERN1 (IRE1)","IRE","Other","6hx1","A","B","Human","6-chloranyl-~{N}-(cyclopropylmethyl)-3-(2~{H}-indazol-5-yl)imidazo[1,2-b]pyridazin-8-amine","GXK","-","-","out","na"
"BRAF","RAF","TKL","6nsq","B","-","Human","5-[(4-amino-1-ethyl-1H-pyrazolo[3,4-d]pyrimidin-3-yl)ethynyl]-N-(4-chlorophenyl)-6-methylisoquinolin-1-amine","KZP","-","-","out","in"
"BRAF","RAF","TKL","5csx","A","-","Human","N-(3-{5-[(1-ethylpiperidin-4-yl)(methyl)amino]-3-(pyrimidin-5-yl)-1H-pyrrolo[3,2-b]pyridin-1-yl}-2,4-difluorophenyl)propane-1-sulfonamide","54J","-","-","out","out"
"EPHB4 (EphB4)","Eph","TK","6fni","A","A","Human","4-methyl-3-[(1-methyl-6-pyridin-3-yl-pyrazolo[3,4-d]pyrimidin-4-yl)amino]-~{N}-[3-(trifluoromethyl)phenyl]benzamide","DXH","-","-","out","in"
"EPHB4 (EphB4)","Eph","TK","6fnj","A","A","Human","4-methyl-3-[(2-methyl-6-pyridin-3-yl-pyrazolo[3,4-d]pyrimidin-4-yl)amino]-~{N}-[3-(trifluoromethyl)phenyl]benzamide","DWT","-","-","out","in"
"EPHA2 (EphA2)","Eph","TK","6hes","A","A","Human","4-methyl-3-[(2-pyridin-3-ylquinazolin-4-yl)amino]-~{N}-[3-(trifluoromethyl)phenyl]benzamide","G0H","-","-","out","in"
"DDR1","DDR","TK","5sb1","A","A","Human","4-chloro-N-[(3S,4R)-4-phenylpyrrolidin-3-yl]-3-{[(1H-pyrrolo[2,3-b]pyridin-5-yl)oxy]methyl}benzamide","1JI","-","-","out","in"
"EPHB4 (EphB4)","Eph","TK","6fnj","A","B","Human","4-methyl-3-[(2-methyl-6-pyridin-3-yl-pyrazolo[3,4-d]pyrimidin-4-yl)amino]-~{N}-[3-(trifluoromethyl)phenyl]benzamide","DWT","-","-","out","in"
"MAP2K7","STE7","STE","6yg7","B","A","Human","~{N}-[4-[(4-ethylpiperazin-1-yl)methyl]-3-(trifluoromethyl)phenyl]-4-methyl-3-[2-[[(3~{R})-1-propanoylpyrrolidin-3-yl]amino]pyrimidin-4-yl]oxy-benzamide","OQ2","-","-","out","in"
"DDR1","DDR","TK","5sav","A","B","Human","N-(2-{3-[(2-aminopyrimidin-5-yl)oxy]phenyl}ethyl)-3-(trifluoromethoxy)benzamide","1IJ","-","-","out","in"
"DDR1","DDR","TK","4bkj","A","A","Human","4-(4-METHYL-PIPERAZIN-1-YLMETHYL)-N-[4-METHYL-3-(4-PYRIDIN-3-YL-PYRIMIDIN-2-YLAMINO)-PHENYL]-BENZAMIDE","STI","-","-","out","in"
"BRAF","RAF","TKL","5c9c","B","B","Human","1-(3,3-dimethylbutyl)-3-{2-fluoro-4-methyl-5-[7-methyl-2-(methylamino)pyrido[2,3-d]pyrimidin-6-yl]phenyl}urea","4Z5","-","-","out","in"
"BRAF","RAF","TKL","6p7g","C","-","Human","3-[(imidazo[1,2-b]pyridazin-3-yl)ethynyl]-4-methyl-N-[4-({[2-(morpholin-4-yl)ethyl]amino}methyl)-3-(trifluoromethyl)phenyl]benzamide","E7M","-","-","out","in"
"RIPK2","RIPK","TKL","4c8b","B","-","Human","3-(imidazo[1,2-b]pyridazin-3-ylethynyl)-4-methyl-N-{4-[(4-methylpiperazin-1-yl)methyl]-3-(trifluoromethyl)phenyl}benzamide","0LI","-","-","out","in"
"BRAF","RAF","TKL","6p7g","B","-","Human","3-[(imidazo[1,2-b]pyridazin-3-yl)ethynyl]-4-methyl-N-[4-({[2-(morpholin-4-yl)ethyl]amino}methyl)-3-(trifluoromethyl)phenyl]benzamide","E7M","-","-","out","in"
"AURKA (AurA)","Aur","Other","6hjk","A","-","Human","(~{E})-~{N}-[4-(4-azanyl-1-propan-2-yl-pyrazolo[3,4-d]pyrimidin-3-yl)phenyl]-4-[4-fluoranyl-3-(trifluoromethyl)phenyl]-4-oxidanylidene-but-2-enamide","G7W","-","-","out","in"
"BRAF","RAF","TKL","5c9c","B","A","Human","1-(3,3-dimethylbutyl)-3-{2-fluoro-4-methyl-5-[7-methyl-2-(methylamino)pyrido[2,3-d]pyrimidin-6-yl]phenyl}urea","4Z5","-","-","out","in"
"EGFR","EGFR","TK","5ug9","A","A","Human","N-[(3R,4R)-4-fluoro-1-{6-[(3-methoxy-1-methyl-1H-pyrazol-4-yl)amino]-9-(propan-2-yl)-9H-purin-2-yl}pyrrolidin-3-yl]propanamide","8AM","-","-","out","out"
"ABL1","Abl","TK","5mo4","A","B","Human","Nilotinib","NIL","asciminib","AY7","out","in"
"DDR1","DDR","TK","5bvn","A","-","Human","N-[5-({[(3-fluorophenyl)carbamoyl]amino}methyl)-2-methylphenyl]imidazo[1,2-a]pyridine-3-carboxamide","4VD","-","-","out","in"
"DDR1","DDR","TK","5saz","A","B","Human","2-chloro-5-{3-chloro-4-[(2-hydroxyethyl)amino]benzamido}-N-(1H-pyrrolo[2,3-b]pyridin-5-yl)benzamide","1IW","-","-","out","in"
"DDR1","DDR","TK","4bkj","B","B","Human","4-(4-METHYL-PIPERAZIN-1-YLMETHYL)-N-[4-METHYL-3-(4-PYRIDIN-3-YL-PYRIMIDIN-2-YLAMINO)-PHENYL]-BENZAMIDE","STI","-","-","out","in"
"DDR1","DDR","TK","6fil","A","A","Human","2-[8-(2~{H}-indazol-5-ylcarbonyl)-4-oxidanylidene-1-phenyl-1,3,8-triazaspiro[4.5]decan-3-yl]-~{N}-methyl-ethanamide","D6W","-","-","out","in"
"DDR1","DDR","TK","3zos","B","A","Human","3-(imidazo[1,2-b]pyridazin-3-ylethynyl)-4-methyl-N-{4-[(4-methylpiperazin-1-yl)methyl]-3-(trifluoromethyl)phenyl}benzamide","0LI","-","-","out","in"
"NTRK2 (TRKB)","Trk","TK","4at4","A","-","Human","1-[4-(4-aminothieno[2,3-d]pyrimidin-5-yl)phenyl]-3-[2-fluoro-5-(trifluoromethyl)phenyl]urea","T6E","-","-","out","out"
"MERTK (MER)","Axl","TK","7aax","A","A","Human","~{N}-[4-(6,7-dimethoxyquinolin-4-yl)oxy-3-fluoranyl-phenyl]-4-ethoxy-1-(4-fluoranyl-2-methyl-phenyl)pyrazole-3-carboxamide","R6H","-","-","out","out"
"MERTK (MER)","Axl","TK","7aay","A","A","Human","N-(3-fluoro-4-{[1-methyl-6-(1H-pyrazol-4-yl)-1H-indazol-5-yl]oxy}phenyl)-1-(4-fluorophenyl)-6-methyl-2-oxo-1,2-dihydropyridine-3-carboxamide","L1X","-","-","out","in"
"MERTK (MER)","Axl","TK","7aw4","B","A","Human","3-methyl-5-(4-methyl-1,2,3-thiadiazol-5-yl)-N-((R)-1-(((R)-3-(methylamino)-3-oxo-1-(4-(trifluoromethyl)phenyl)propyl)amino)-1-oxo-4-phenylbutan-2-yl)isoxazole-4-carboxamide","S5E","-","-","out","out"
"DDR1","DDR","TK","6fio","A","B","Human","2-[1'-(1~{H}-indazol-5-ylcarbonyl)-4-methyl-2-oxidanylidene-spiro[indole-3,4'-piperidine]-1-yl]-~{N}-[2,2,2-tris(fluoranyl)ethyl]ethanamide","DJH","-","-","out","out"
"MERTK (MER)","Axl","TK","7aax","A","B","Human","~{N}-[4-(6,7-dimethoxyquinolin-4-yl)oxy-3-fluoranyl-phenyl]-4-ethoxy-1-(4-fluoranyl-2-methyl-phenyl)pyrazole-3-carboxamide","R6H","-","-","out","out"
"NTRK2 (TRKB)","Trk","TK","4at5","A","-","Human","5-{3-methoxy-4-[(4-methoxybenzyl)oxy]benzyl}pyrimidine-2,4-diamine","MUJ","-","-","out","out"
"DDR1","DDR","TK","3zos","B","B","Human","3-(imidazo[1,2-b]pyridazin-3-ylethynyl)-4-methyl-N-{4-[(4-methylpiperazin-1-yl)methyl]-3-(trifluoromethyl)phenyl}benzamide","0LI","-","-","out","in"
"DDR1","DDR","TK","6few","A","B","Human","2-[8-(2~{H}-indazol-5-ylcarbonyl)-4-oxidanylidene-1-phenyl-1,3,8-triazaspiro[4.5]decan-3-yl]-~{N}-methyl-ethanamide","D6W","-","-","out","in"
"DDR1","DDR","TK","7be6","A","B","Human","5-amino-N-(4-(((2S)-4-cyclohexyl-1-((1-(methylsulfonyl)piperidin-3-yl)amino)-1-oxobutan-2-yl)carbamoyl)benzyl)-1-phenyl-1H-pyrazole-4-carboxamide","TJW","-","-","out","in"
"TNK2 (ACK)","Ack","TK","5zxb","B","A","Human","N-{3-[7-{[6-(4-acetylpiperazin-1-yl)pyridin-3-yl]amino}-1-methyl-2-oxo-1,4-dihydropyrimido[4,5-d]pyrimidin-3(2H)-yl]-4-methylphenyl}-3-(trifluoromethyl)benzamide","9KO","-","-","out","in"
"CSF1R (FMS)","PDGFR","TK","3krl","A","B","Human","5-cyano-N-[4-(4-methylpiperazin-1-yl)-2-piperidin-1-ylphenyl]furan-2-carboxamide","KRL","-","-","out","in"
"CDK2","CDK","CMGC","5a14","A","B","Human","1-[4-(2-azanylpyrimidin-4-yl)oxyphenyl]-3-[4-[(4-methylpiperazin-1-yl)methyl]-3-(trifluoromethyl)phenyl]urea","LQ5","1-[4-(2-azanylpyrimidin-4-yl)oxyphenyl]-3-[4-[(4-methylpiperazin-1-yl)methyl]-3-(trifluoromethyl)phenyl]urea","LQ5","out","in"
"CSF1R (FMS)","PDGFR","TK","4r7h","A","-","Human","5-[(5-chloro-1H-pyrrolo[2,3-b]pyridin-3-yl)methyl]-N-{[6-(trifluoromethyl)pyridin-3-yl]methyl}pyridin-2-amine","P31","-","-","out","in"
"CSF1R (FMS)","PDGFR","TK","4r7i","A","-","Human","4-(4-METHYL-PIPERAZIN-1-YLMETHYL)-N-[4-METHYL-3-(4-PYRIDIN-3-YL-PYRIMIDIN-2-YLAMINO)-PHENYL]-BENZAMIDE","STI","-","-","out","in"
"CSF1R (FMS)","PDGFR","TK","3lco","A","B","Human","3-({4-methoxy-5-[(4-methoxybenzyl)oxy]pyridin-2-yl}methoxy)-5-(1-methyl-1H-pyrazol-4-yl)pyrazin-2-amine","LC0","-","-","out","in"
"CSF1R (FMS)","PDGFR","TK","3dpk","A","B","Human","8-cyclohexyl-N-methoxy-5-oxo-2-{[4-(2-pyrrolidin-1-ylethyl)phenyl]amino}-5,8-dihydropyrido[2,3-d]pyrimidine-6-carboxamide","8C5","-","-","out","in"
"CSF1R (FMS)","PDGFR","TK","3krl","A","A","Human","5-cyano-N-[4-(4-methylpiperazin-1-yl)-2-piperidin-1-ylphenyl]furan-2-carboxamide","KRL","-","-","out","in"
"CSF1R (FMS)","PDGFR","TK","6ig8","A","B","Human","(3-{4-[(4-cyclopropylphenyl)methoxy]-3-methoxyphenyl}azetidin-1-yl)(4-{[(2S)-2,3-dihydroxypropoxy]methyl}pyridin-2-yl)methanone","A7O","-","-","out","in"
"CSF1R (FMS)","PDGFR","TK","3dpk","A","A","Human","8-cyclohexyl-N-methoxy-5-oxo-2-{[4-(2-pyrrolidin-1-ylethyl)phenyl]amino}-5,8-dihydropyrido[2,3-d]pyrimidine-6-carboxamide","8C5","-","-","out","in"
"KDR","VEGFR","TK","5ew3","A","-","Human","2-(pyridin-4-ylmethylamino)-~{N}-[3-(trifluoromethyl)phenyl]benzamide","5T2","-","-","out","in"
"Abl1 (ABL1)","Abl","TK","3ms9","A","B","Mouse","4-(4-METHYL-PIPERAZIN-1-YLMETHYL)-N-[4-METHYL-3-(4-PYRIDIN-3-YL-PYRIMIDIN-2-YLAMINO)-PHENYL]-BENZAMIDE","STI","methyl 2-amino-4-chlorobenzoate","MS9","out","in"
"RIPK2","RIPK","TKL","6es0","B","-","Human","2-[2-fluoranyl-4-[[2-fluoranyl-4-[2-(methylcarbamoyl)pyridin-4-yl]oxy-phenyl]carbamoylamino]phenyl]sulfanylethanoic acid","BW8","-","-","out","in"
"Mapk14 (p38a)","MAPK","CMGC","6y4w","A","A","Mouse","5-azanyl-~{N}-[[4-[[(2~{S})-4-cyclohexyl-1-(cyclohexylamino)-1-oxidanylidene-butan-2-yl]carbamoyl]phenyl]methyl]-1-phenyl-pyrazole-4-carboxamide","O8T","-","-","out","in"
"DDR1","DDR","TK","7feh","A","B","Human","N-[(5-chloranyl-2-ethylsulfonyl-phenyl)methyl]-3-piperazin-1-yl-5-(trifluoromethyloxy)benzamide","3UI","-","-","out","in"
"MAPK14 (p38a)","MAPK","CMGC","6sfi","A","A","Human","~{N}-[(2~{S})-1-azanyl-4-cyclohexyl-1-oxidanylidene-butan-2-yl]-2-[[[1-(2-methylphenyl)pyrazol-4-yl]carbonylamino]methyl]-1,3-thiazole-5-carboxamide","LB5","-","-","out","in"
"MET","Met","TK","8an8","A","-","Human","3-[bis(fluoranyl)methyl]-~{N}-methyl-~{N}-[(1~{R})-8-methyl-5-(3-methyl-1~{H}-indazol-6-yl)-1,2,3,4-tetrahydronaphthalen-1-yl]pyridine-2-carboxamide","N0U","-","-","out","in"
"MET","Met","TK","8ans","A","-","Human","3-[bis(fluoranyl)methyl]-~{N}-methyl-~{N}-[(1~{R})-8-methyl-5-(3-methyl-1~{H}-indazol-6-yl)-1,2,3,4-tetrahydronaphthalen-1-yl]pyridine-2-carboxamide","MDI","-","-","out","in"
"BRAF","RAF","TKL","4rzw","B","-","Human","3-(2-cyanopropan-2-yl)-N-{4-methyl-3-[(3-methyl-4-oxo-3,4-dihydroquinazolin-6-yl)amino]phenyl}benzamide","B1E","-","-","out","in"
"Abl1 (ABL1)","Abl","TK","6hd4","A","A","Mouse","4-(4-METHYL-PIPERAZIN-1-YLMETHYL)-N-[4-METHYL-3-(4-PYRIDIN-3-YL-PYRIMIDIN-2-YLAMINO)-PHENYL]-BENZAMIDE","STI","6-[(3~{R})-3-oxidanylpyrrolidin-1-yl]-5-pyrimidin-5-yl-~{N}-[4-(trifluoromethyloxy)phenyl]pyridine-3-carboxamide","FYW","out","in"
"CDK16 (PCTAIRE1)","CDK","CMGC","5g6v","A","-","Human","4-[4-({[3-tert-butyl-1-(quinolin-6-yl)-1H-pyrazol-5-yl]carbamoyl}amino)-3-fluorophenoxy]-N-methylpyridine-2-carboxamide","919","-","-","out","in"
"MAPK14 (p38a)","MAPK","CMGC","3hv7","A","-","Human","1-[1-(3-aminophenyl)-3-tert-butyl-1H-pyrazol-5-yl]-3-naphthalen-1-ylurea","1AU","-","-","out","in"
"DDR1","DDR","TK","3zos","A","A","Human","3-(imidazo[1,2-b]pyridazin-3-ylethynyl)-4-methyl-N-{4-[(4-methylpiperazin-1-yl)methyl]-3-(trifluoromethyl)phenyl}benzamide","0LI","3-(imidazo[1,2-b]pyridazin-3-ylethynyl)-4-methyl-N-{4-[(4-methylpiperazin-1-yl)methyl]-3-(trifluoromethyl)phenyl}benzamide","0LI","out","in"
"DDR1","DDR","TK","5fdp","A","-","Human","(4~{S})-4-methyl-~{N}-[3-[(4-methylpiperazin-1-yl)methyl]-5-(trifluoromethyl)phenyl]-2-pyrimidin-5-yl-3,4-dihydro-1~{H}-isoquinoline-7-carboxamide","5WR","-","-","out","in"
"DDR1","DDR","TK","4bkj","B","A","Human","4-(4-METHYL-PIPERAZIN-1-YLMETHYL)-N-[4-METHYL-3-(4-PYRIDIN-3-YL-PYRIMIDIN-2-YLAMINO)-PHENYL]-BENZAMIDE","STI","-","-","out","in"
"AKT2","Akt","AGC","8q61","A","A","Human","6-[4-(1-azanyl-3-methyl-3-oxidanyl-cyclobutyl)phenyl]-7-phenyl-1-propyl-pyrido[2,3-b][1,4]oxazin-2-one","K06","-","-","out","out"
"MAPK14 (p38a)","MAPK","CMGC","2baj","A","-","Human","1-(3-tert-butyl-1-phenyl-1H-pyrazol-5-yl)-3-(2,3-dichlorophenyl)urea","1PP","-","-","out","in"
"CDK8","CDK","CMGC","4f70","A","-","Human","1-[3-tert-butyl-1-(4-methylphenyl)-1H-pyrazol-5-yl]-3-[2-(morpholin-4-yl)ethyl]urea","0ST","-","-","out","in"
"NTRK1 (TRKA)","Trk","TK","8j61","A","-","Human","4^6-methyl-N-(3-(4-methyl-1H-imidazol-1-yl)-5-(trifluoromethyl)phenyl)-14-oxo-5-oxa-13-aza-1(3,6)-imidazo[1,2-b]pyridazina-4(1,3)-benzenacyclotetradecaphan-2-yne-4^5-carboxamide","A0X","-","-","out","in"
"NTRK1 (TRKA)","Trk","TK","8j63","A","-","Human","4^6-methyl-N-(3-(4-methyl-1H-imidazol-1-yl)-5-(trifluoromethyl)phenyl)-11-oxo-5-oxa-10,14-diaza-1(3,6)-imidazo[1,2-b]pyridazina-4(1,3)-benzenacyclotetradecaphan-2-yne-4^5-carboxamide","A6X","-","-","out","in"
"BRAF","RAF","TKL","5vam","B","B","Human","N-{2-methyl-5'-(morpholin-4-yl)-6'-[(oxan-4-yl)oxy][3,3'-bipyridin]-5-yl}-3-(trifluoromethyl)benzamide","92J","-","-","out","in"
"NTRK1 (TRKA)","Trk","TK","8j5w","A","-","Human","N-(3-cyclopropyl-5-((4-methylpiperazin-1-yl)methyl)phenyl)-4^6-methyl-14-oxo-5-oxa-13-aza-1(3,6)-imidazo[1,2-b]pyridazina-4(1,3)-benzenacyclotetradecaphan-2-yne-4^5-carboxamide","A4U","-","-","out","in"
"MAPK14 (p38a)","MAPK","CMGC","3obj","A","-","Human","1-(5-TERT-BUTYL-2-METHYL-2H-PYRAZOL-3-YL)-3-(4-CHLORO-PHENYL)-UREA","BMU","-","-","out","in"
"NTRK1 (TRKA)","Trk","TK","8j5x","A","-","Human","N-(3-cyclopropyl-5-((4-methylpiperazin-1-yl)methyl)phenyl)-4^6-methyl-14-oxo-5-oxa-13-aza-1(3,6)-imidazo[1,2-b]pyridazina-4(1,3)-benzenacyclotetradecaphan-2-yne-4^5-carboxamide","A4U","-","-","out","in"
"MAPK14 (p38a)","MAPK","CMGC","3zsg","A","A","Human","TAK-715","T75","-","-","out","in"
"MAP2K7","STE7","STE","6yg7","B","B","Human","~{N}-[4-[(4-ethylpiperazin-1-yl)methyl]-3-(trifluoromethyl)phenyl]-4-methyl-3-[2-[[(3~{R})-1-propanoylpyrrolidin-3-yl]amino]pyrimidin-4-yl]oxy-benzamide","OQ2","-","-","out","in"
"DDR1","DDR","TK","5saw","A","B","Human","2-{3-[(pyridin-3-yl)ethynyl]phenyl}-N-[3-(trifluoromethyl)phenyl]acetamide","1IM","-","-","out","in"
"JAK2","JakA","TK","7teu","A","A","Human","3-{(4S)-2-[(cyclopropanecarbonyl)amino]imidazo[1,2-b]pyridazin-6-yl}-N-{3-[(4-ethylpiperazin-1-yl)methyl]-5-(trifluoromethyl)phenyl}-4-methylbenzamide","I6C","-","-","out","in"
"BRAF","RAF","TKL","5ct7","B","-","Human","1-methyl-5-({2-[5-(trifluoromethyl)-1H-imidazol-2-yl]pyridin-4-yl}oxy)-N-[4-(trifluoromethyl)phenyl]-1H-benzimidazol-2-amine","55J","-","-","out","in"
"KDR","VEGFR","TK","6gqo","A","B","Human","2-[4-(6,7-dimethoxyquinazolin-4-yl)oxy-2-methoxy-phenyl]-~{N}-(1-propan-2-ylpyrazol-4-yl)ethanamide","F82","-","-","out","in"
"BRAF","RAF","TKL","3ii5","A","-","Human","N-[3-(3-{4-[(dimethylamino)methyl]phenyl}pyrazolo[1,5-a]pyrimidin-7-yl)phenyl]-3-(trifluoromethyl)benzamide","831","-","-","out","in"
"EGFR","EGFR","TK","5uga","A","B","Human","4-(4-{[2-{[(3S)-1-acetylpyrrolidin-3-yl]amino}-9-(propan-2-yl)-9H-purin-6-yl]amino}phenyl)-1-methylpiperazin-1-ium","8BM","-","-","out","out"
"AURKA (AurA)","Aur","Other","6cpg","D","-","Human","1-cyclopropyl-3-{3-[5-(morpholin-4-ylmethyl)-1H-benzimidazol-2-yl]-1H-pyrazol-4-yl}urea","35R","-","-","out","in"
"BRAF","RAF","TKL","5hid","B","B","Human","3-(2-cyanopropan-2-yl)-N-{4-methyl-3-[(3-methyl-4-oxo-3,4-dihydroquinazolin-6-yl)amino]phenyl}benzamide","B1E","-","-","out","in"
"BRAF","RAF","TKL","4r5y","B","-","Human","5-({(1R,1aS,6bR)-1-[5-(trifluoromethyl)-1H-benzimidazol-2-yl]-1a,6b-dihydro-1H-cyclopropa[b][1]benzofuran-5-yl}oxy)-3,4-dihydro-1,8-naphthyridin-2(1H)-one","3K3","-","-","out","in"
"BRAF","RAF","TKL","6n0q","B","A","Human","N-[4-methyl-3-(1-methyl-2-oxo-2,3-dihydro-1H-benzimidazol-5-yl)phenyl]-3-(trifluoromethyl)benzamide","K7S","-","-","out","in"
"MERTK (MER)","Axl","TK","7aw1","A","-","Human","N-(6-(4-(3-(4-((5,6-dihydroimidazo[1,2-a]pyrazin-7(8H)-yl)methyl)-3-(trifluoromethyl)phenyl)ureido)phenoxy)pyrimidin-4-yl)cyclopropanecarboxamide","S4T","-","-","out","out"
"AURKA (AurA)","Aur","Other","1muo","A","-","Human","ADENOSINE","ADN","-","-","out","in"
"BRAF","RAF","TKL","4fc0","B","-","Human","2-chloro-3-[(2-cyanopropan-2-yl)oxy]-N-{5-[{2-[(cyclopropylcarbonyl)amino][1,3]thiazolo[5,4-b]pyridin-5-yl}(methyl)amino]-2-fluorophenyl}benzamide","0T2","-","-","out","in"
"BRAF","RAF","TKL","1uwj","B","-","Human","4-{4-[({[4-CHLORO-3-(TRIFLUOROMETHYL)PHENYL]AMINO}CARBONYL)AMINO]PHENOXY}-N-METHYLPYRIDINE-2-CARBOXAMIDE","BAX","-","-","out","in"
"BRAF","RAF","TKL","5hid","A","A","Human","3-(2-cyanopropan-2-yl)-N-{4-methyl-3-[(3-methyl-4-oxo-3,4-dihydroquinazolin-6-yl)amino]phenyl}benzamide","B1E","-","-","out","in"
"BRAF","RAF","TKL","3ii5","B","-","Human","N-[3-(3-{4-[(dimethylamino)methyl]phenyl}pyrazolo[1,5-a]pyrimidin-7-yl)phenyl]-3-(trifluoromethyl)benzamide","831","-","-","out","in"
"DDR1","DDR","TK","5fdx","B","-","Human","3-[(4-methylpiperazin-1-yl)methyl]-~{N}-[(4~{R})-4-methyl-2-pyrimidin-5-yl-3,4-dihydro-1~{H}-isoquinolin-7-yl]-5-(trifluoromethyl)benzamide","5X1","-","-","out","in"
"BRAF","RAF","TKL","4rzw","A","-","Human","3-(2-cyanopropan-2-yl)-N-{4-methyl-3-[(3-methyl-4-oxo-3,4-dihydroquinazolin-6-yl)amino]phenyl}benzamide","B1E","-","-","out","out"
"BRAF","RAF","TKL","4ksq","B","-","Human","N-{7-cyano-6-[4-fluoro-3-({[3-(trifluoromethyl)phenyl]carbamoyl}amino)phenoxy]-1,3-benzothiazol-2-yl}cyclopropanecarboxamide","1SW","-","-","out","in"
"BRAF","RAF","TKL","4dbn","A","-","Human","2-chloro-3-(1-cyanocyclopropyl)-N-[5-({2-[(cyclopropylcarbonyl)amino][1,3]thiazolo[5,4-b]pyridin-5-yl}oxy)-2-fluorophenyl]benzamide","0JA","-","-","out","in"
"BRAF","RAF","TKL","6n0p","A","A","Human","N-{3-[2-(2-hydroxyethoxy)-6-(morpholin-4-yl)pyridin-4-yl]-4-methylphenyl}-2-(trifluoromethyl)pyridine-4-carboxamide","K81","-","-","out","in"
"JAK2","JakA","TK","7teu","A","B","Human","3-{(4S)-2-[(cyclopropanecarbonyl)amino]imidazo[1,2-b]pyridazin-6-yl}-N-{3-[(4-ethylpiperazin-1-yl)methyl]-5-(trifluoromethyl)phenyl}-4-methylbenzamide","I6C","-","-","out","in"
"BRAF","RAF","TKL","3q96","A","-","Human","(2S)-N-[3-(2-aminopropan-2-yl)-5-(trifluoromethyl)phenyl]-7-[(7-oxo-5,6,7,8-tetrahydro-1,8-naphthyridin-4-yl)oxy]-1,2,3,4-tetrahydronaphthalene-2-carboxamide","0NF","-","-","out","in"
"BRAF","RAF","TKL","6v34","A","-","Human","6-amino-5-chloro-N-[(1R)-1-(5-{[5-chloro-4-(trifluoromethyl)pyridin-2-yl]carbamoyl}-1,3-thiazol-2-yl)ethyl]pyrimidine-4-carboxamide","QOP","-","-","out","in"
"MAPK14 (p38a)","MAPK","CMGC","3oc1","A","-","Human","1-(5-TERT-BUTYL-2-METHYL-2H-PYRAZOL-3-YL)-3-(4-CHLORO-PHENYL)-UREA","BMU","-","-","out","in"
"BRAF","RAF","TKL","6cad","A","-","Human","1-(propan-2-yl)-3-({3-[3-(trifluoromethyl)phenyl]isoquinolin-8-yl}ethynyl)-1H-pyrazolo[3,4-d]pyrimidin-4-amine","EU4","-","-","out","in"
"BRAF","RAF","TKL","3idp","A","-","Human","N~1~-(4-chlorophenyl)-6-methyl-N~5~-[3-(7H-purin-6-yl)pyridin-2-yl]isoquinoline-1,5-diamine","L1E","-","-","out","in"
"BRAF","RAF","TKL","4jvg","A","-","Human","1-(5-TERT-BUTYL-2-P-TOLYL-2H-PYRAZOL-3-YL)-3-[4-(2-MORPHOLIN-4-YL-ETHOXY)-NAPHTHALEN-1-YL]-UREA","B96","-","-","out","in"
"BRAF","RAF","TKL","4jvg","B","-","Human","1-(5-TERT-BUTYL-2-P-TOLYL-2H-PYRAZOL-3-YL)-3-[4-(2-MORPHOLIN-4-YL-ETHOXY)-NAPHTHALEN-1-YL]-UREA","B96","-","-","out","in"
"BRAF","RAF","TKL","3idp","B","-","Human","N~1~-(4-chlorophenyl)-6-methyl-N~5~-[3-(7H-purin-6-yl)pyridin-2-yl]isoquinoline-1,5-diamine","L1E","-","-","out","in"
"BRAF","RAF","TKL","1uwh","A","-","Human","4-{4-[({[4-CHLORO-3-(TRIFLUOROMETHYL)PHENYL]AMINO}CARBONYL)AMINO]PHENOXY}-N-METHYLPYRIDINE-2-CARBOXAMIDE","BAX","-","-","out","in"
"BRAF","RAF","TKL","4xv9","A","A","Human","N-{3-[(5-chloro-1H-pyrrolo[2,3-b]pyridin-3-yl)carbonyl]-2,4-difluorophenyl}-4-(trifluoromethyl)benzenesulfonamide","1OO","-","-","out","out"
"BRAF","RAF","TKL","4r5y","A","-","Human","5-({(1R,1aS,6bR)-1-[5-(trifluoromethyl)-1H-benzimidazol-2-yl]-1a,6b-dihydro-1H-cyclopropa[b][1]benzofuran-5-yl}oxy)-3,4-dihydro-1,8-naphthyridin-2(1H)-one","3K3","-","-","out","in"
"BRAF","RAF","TKL","6p7g","A","-","Human","3-[(imidazo[1,2-b]pyridazin-3-yl)ethynyl]-4-methyl-N-[4-({[2-(morpholin-4-yl)ethyl]amino}methyl)-3-(trifluoromethyl)phenyl]benzamide","E7M","-","-","out","in"
"BRAF","RAF","TKL","6n0p","A","B","Human","N-{3-[2-(2-hydroxyethoxy)-6-(morpholin-4-yl)pyridin-4-yl]-4-methylphenyl}-2-(trifluoromethyl)pyridine-4-carboxamide","K81","-","-","out","in"
"BRAF","RAF","TKL","5hid","A","B","Human","3-(2-cyanopropan-2-yl)-N-{4-methyl-3-[(3-methyl-4-oxo-3,4-dihydroquinazolin-6-yl)amino]phenyl}benzamide","B1E","-","-","out","in"
"BRAF","RAF","TKL","4xv9","A","B","Human","N-{3-[(5-chloro-1H-pyrrolo[2,3-b]pyridin-3-yl)carbonyl]-2,4-difluorophenyl}-4-(trifluoromethyl)benzenesulfonamide","1OO","-","-","out","out"
"DDR1","DDR","TK","7bcm","B","-","Human","~{N}-[[4-[[(2~{S})-4-cyclohexyl-1-[[(3~{S})-1-methylsulfonylpiperidin-3-yl]amino]-1-oxidanylidene-butan-2-yl]carbamoyl]phenyl]methyl]imidazo[1,2-a]pyridine-3-carboxamide","TBK","-","-","out","in"
"DDR1","DDR","TK","6gwr","B","B","Human","3-(2-imidazo[1,2-a]pyrazin-3-ylethynyl)-~{N}-[3-[(4-methylpiperazin-1-yl)methyl]-5-(trifluoromethyl)phenyl]-4-propan-2-yl-benzamide","FEW","-","-","out","in"
"BRAF","RAF","TKL","6n0q","A","B","Human","N-[4-methyl-3-(1-methyl-2-oxo-2,3-dihydro-1H-benzimidazol-5-yl)phenyl]-3-(trifluoromethyl)benzamide","K7S","-","-","out","in"
"BRAF","RAF","TKL","4ksp","A","-","Human","N-{7-cyano-6-[4-fluoro-3-({[3-(trifluoromethyl)phenyl]acetyl}amino)phenoxy]-1,3-benzothiazol-2-yl}cyclopropanecarboxamide","1SU","-","-","out","in"
"EGFR","EGFR","TK","5hg8","A","A","Human","N-[3-({2-[(1-methyl-1H-pyrazol-4-yl)amino]-7H-pyrrolo[2,3-d]pyrimidin-4-yl}oxy)phenyl]propanamide","634","-","-","out","out"
"NTRK3 (TRKC)","Trk","TK","3v5q","B","-","Human","1-(3-{[(3Z)-2-oxo-3-(1H-pyrrol-2-ylmethylidene)-2,3-dihydro-1H-indol-6-yl]amino}phenyl)-3-[3-(trifluoromethyl)phenyl]urea","0F4","-","-","out","in"
"NTRK3 (TRKC)","Trk","TK","6kzc","A","-","Human","3-(2-imidazo[1,2-a]pyrazin-3-ylethynyl)-2-methyl-~{N}-[3-(4-methylpiperazin-1-yl)-5-(trifluoromethyl)phenyl]benzamide","DZC","-","-","out","in"
"NTRK3 (TRKC)","Trk","TK","3v5q","A","-","Human","1-(3-{[(3Z)-2-oxo-3-(1H-pyrrol-2-ylmethylidene)-2,3-dihydro-1H-indol-6-yl]amino}phenyl)-3-[3-(trifluoromethyl)phenyl]urea","0F4","-","-","out","in"
"NTRK3 (TRKC)","Trk","TK","4ymj","B","A","Human","4-[6-(benzylamino)imidazo[1,2-b]pyridazin-3-yl]benzonitrile","4EJ","-","-","out","out"
"MKNK2 (MNK2)","MAPKAPK","CAMK","6jlr","A","-","Human","4-[5-(1-methylpyrazol-4-yl)pyridin-3-yl]benzamide","BV9","-","-","out","out"
"CDK8","CDK","CMGC","6tpa","A","-","Human","1-[4-chloranyl-3-(trifluoromethyl)phenyl]-3-(5-oxidanylidene-6-pyridin-4-yl-pyrido[2,3-b][1,5]benzoxazepin-9-yl)urea","NZ8","(2~{R})-butane-1,2-diol","NZ5","out","in"
"CDK8","CDK","CMGC","5hvy","A","A","Human","N-{(3S)-1-[2-(methylamino)pyrimidin-4-yl]pyrrolidin-3-yl}-N'-{4-[(morpholin-4-yl)methyl]-3-(trifluoromethyl)phenyl}urea","66X","-","-","out","in"
"ROCK2","DMPK","AGC","8gds","A","-","Human","4-{4-[2-(2,3-dihydro-1H-indol-1-yl)-2-oxoethyl]phenyl}phthalazin-1(2H)-one","Z8O","-","-","out","in"
"CDK8","CDK","CMGC","3rgf","A","A","Human","4-{4-[({[4-CHLORO-3-(TRIFLUOROMETHYL)PHENYL]AMINO}CARBONYL)AMINO]PHENOXY}-N-METHYLPYRIDINE-2-CARBOXAMIDE","BAX","-","-","out","in"
"CDK8","CDK","CMGC","4f6u","A","A","Human","1-[3-tert-butyl-1-(4-methylphenyl)-1H-pyrazol-5-yl]-3-[3-(morpholin-4-yl)propyl]urea","0SR","-","-","out","in"
"CDK8","CDK","CMGC","4f7j","A","B","Human","1-[3-tert-butyl-1-(4-methylphenyl)-1H-pyrazol-5-yl]-3-(2-hydroxyethyl)urea","0SU","-","-","out","in"
"CDK8","CDK","CMGC","4f7n","A","-","Human","1-[3-tert-butyl-1-(4-methylphenyl)-1H-pyrazol-5-yl]-3-(5-hydroxypentyl)urea","0SV","-","-","out","in"
"BRAF","RAF","TKL","6xfp","A","A","Human","4-amino-N-{1-[(3-chloro-2-fluorophenyl)amino]-6-methylisoquinolin-5-yl}thieno[3,2-d]pyrimidine-7-carboxamide","V1Y","-","-","out","in"
"BRAF","RAF","TKL","7k0v","A","A","Human","N-(3,3-dimethylbutyl)-N'-{2-fluoro-5-[(5-fluoro-3-methyl-4-oxo-3,4-dihydroquinazolin-6-yl)amino]-4-methylphenyl}urea","VQP","-","-","out","in"
"MAPK14 (p38a)","MAPK","CMGC","5wjj","A","A","Human","N-{4-[2-(4-fluoro-3-methylphenyl)imidazo[1,2-b]pyridazin-3-yl]pyridin-2-yl}-2-methyl-1-oxo-1lambda~5~-pyridine-4-carboxamide","AQY","-","-","out","in"
"MAPK14 (p38a)","MAPK","CMGC","5mz3","A","B","Human","~{N}-[3-(2-acetamidoimidazo[1,2-a]pyridin-6-yl)-4-methyl-phenyl]-3-(trifluoromethyl)benzamide","8EN","-","-","out","in"
"BRAF","RAF","TKL","6nsq","A","-","Human","5-[(4-amino-1-ethyl-1H-pyrazolo[3,4-d]pyrimidin-3-yl)ethynyl]-N-(4-chlorophenyl)-6-methylisoquinolin-1-amine","KZP","-","-","out","in"
"BRAF","RAF","TKL","5vam","A","B","Human","N-{2-methyl-5'-(morpholin-4-yl)-6'-[(oxan-4-yl)oxy][3,3'-bipyridin]-5-yl}-3-(trifluoromethyl)benzamide","92J","-","-","out","in"
"BRAF","RAF","TKL","4jvg","D","-","Human","1-(5-TERT-BUTYL-2-P-TOLYL-2H-PYRAZOL-3-YL)-3-[4-(2-MORPHOLIN-4-YL-ETHOXY)-NAPHTHALEN-1-YL]-UREA","B96","-","-","out","in"
"BRAF","RAF","TKL","4fc0","A","-","Human","2-chloro-3-[(2-cyanopropan-2-yl)oxy]-N-{5-[{2-[(cyclopropylcarbonyl)amino][1,3]thiazolo[5,4-b]pyridin-5-yl}(methyl)amino]-2-fluorophenyl}benzamide","0T2","-","-","out","in"
"BRAF","RAF","TKL","6n0q","A","A","Human","N-[4-methyl-3-(1-methyl-2-oxo-2,3-dihydro-1H-benzimidazol-5-yl)phenyl]-3-(trifluoromethyl)benzamide","K7S","-","-","out","in"
"MAP2K1","STE7","STE","5hze","A","A","Human","(3S,4R,8S,9S,11E)-8,9,16-trihydroxy-3,4-dimethyl-14-(methylamino)-3,4,5,6,9,10-hexahydro-1H-2-benzoxacyclotetradecine-1,7(8H)-dione","E62","-","-","out","out"
"BRAF","RAF","TKL","6n0p","B","B","Human","N-{3-[2-(2-hydroxyethoxy)-6-(morpholin-4-yl)pyridin-4-yl]-4-methylphenyl}-2-(trifluoromethyl)pyridine-4-carboxamide","K81","-","-","out","in"
"EGFR","EGFR","TK","5hg8","A","B","Human","N-[3-({2-[(1-methyl-1H-pyrazol-4-yl)amino]-7H-pyrrolo[2,3-d]pyrimidin-4-yl}oxy)phenyl]propanamide","634","-","-","out","out"
"PTK2B (PYK2)","FAK","TK","3fzs","A","-","Human","1-(5-TERT-BUTYL-2-P-TOLYL-2H-PYRAZOL-3-YL)-3-[4-(2-MORPHOLIN-4-YL-ETHOXY)-NAPHTHALEN-1-YL]-UREA","B96","-","-","out","in"
"PTK2B (PYK2)","FAK","TK","3fzt","A","-","Human","1-[5-tert-butyl-2-(4-methylphenyl)-1,2-dihydro-3H-pyrazol-3-ylidene]-3-{3-[(pyridin-3-yloxy)methyl]-1H-pyrazol-5-yl}urea","4JZ","-","-","out","in"
"MAPK14 (p38a)","MAPK","CMGC","3ctq","A","-","Human","N-benzyl-1-[5-({5-tert-butyl-2-methoxy-3-[(methylsulfonyl)amino]phenyl}carbamoyl)-2-methylphenyl]-1H-1,2,3-triazole-4-carboxamide","337","-","-","out","in"
"EGFR","EGFR","TK","5ug8","A","A","Human","N-[(3R,4R)-4-fluoro-1-{6-[(1-methyl-1H-pyrazol-4-yl)amino]-9-(propan-2-yl)-9H-purin-2-yl}pyrrolidin-3-yl]propanamide","8BP","-","-","out","out"
"CDK8","CDK","CMGC","4f6s","A","-","Human","1-[3-tert-butyl-1-(4-methylphenyl)-1H-pyrazol-5-yl]urea","0SQ","-","-","out","in"
"CSF1R (FMS)","PDGFR","TK","3lco","A","A","Human","3-({4-methoxy-5-[(4-methoxybenzyl)oxy]pyridin-2-yl}methoxy)-5-(1-methyl-1H-pyrazol-4-yl)pyrazin-2-amine","LC0","-","-","out","in"
"CSF1R (FMS)","PDGFR","TK","3bea","A","-","Human","8-(2,3-dihydro-1H-inden-5-yl)-2-({4-[(3R,5S)-3,5-dimethylpiperazin-1-yl]phenyl}amino)-5-oxo-5,8-dihydropyrido[2,3-d]pyrimidine-6-carboxamide","IXH","-","-","out","in"
"CSF1R (FMS)","PDGFR","TK","2i0y","A","-","Human","5-CYANO-FURAN-2-CARBOXYLIC ACID [5-HYDROXYMETHYL-2-(4-METHYL-PIPERIDIN-1-YL)-PHENYL]-AMIDE","5CN","-","-","out","in"
"CSF1R (FMS)","PDGFR","TK","8cgc","A","B","Human","[4-[4-[methyl-[(3-methylphenyl)methyl]amino]-7~{H}-pyrrolo[2,3-d]pyrimidin-6-yl]phenyl]methanol","UIK","(2S)-2-hydroxybutanedioic acid","LMR","out","in"
"MET","Met","TK","8ouv","A","A","Human","5-(1H-indazol-7-yl)-1-[(1S)-1-phenylethyl]pyrimidine-2,4-dione","W3R","-","-","out","out"
"MET","Met","TK","8owg","A","-","Human","5-[3,5-bis(fluoranyl)phenyl]-1-[(1S)-1-phenylethyl]pyrimidine-2,4-dione","W40","-","-","out","out"
"MET","Met","TK","8ow3","A","-","Human","5-[3,5-bis(fluoranyl)phenyl]-1-[(1S)-1-phenylethyl]pyrimidine-2,4-dione","W40","-","-","out","out"
"MET","Met","TK","8ouv","A","B","Human","5-(1H-indazol-7-yl)-1-[(1S)-1-phenylethyl]pyrimidine-2,4-dione","W3R","-","-","out","out"
"ERN1 (IRE1)","IRE","Other","6hx1","A","A","Human","6-chloranyl-~{N}-(cyclopropylmethyl)-3-(2~{H}-indazol-5-yl)imidazo[1,2-b]pyridazin-8-amine","GXK","-","-","out","na"
"EGFR","EGFR","TK","5ugc","A","B","Human","N-[(3R,4R)-4-fluoro-1-{6-[(3-methoxy-1-methyl-1H-pyrazol-4-yl)amino]-9-methyl-9H-purin-2-yl}pyrrolidin-3-yl]propanamide","8BS","-","-","out","out"
"MET","Met","TK","8ov7","A","-","Human","5-[3,5-bis(fluoranyl)phenyl]-1-[(1S)-1-[3-(1H-imidazol-5-yl)phenyl]ethyl]pyrimidine-2,4-dione","W3W","-","-","out","in"
"MET","Met","TK","8ovz","A","-","Human","1-[(1S)-1-[3-(1H-imidazol-4-yl)phenyl]ethyl]-5-(1H-indazol-7-yl)pyrimidine-2,4-dione","W3N","-","-","out","out"
"MAP2K7","STE7","STE","6yg6","B","A","Human","~{N}-[4-[(4-ethylpiperazin-1-yl)methyl]-3-(trifluoromethyl)phenyl]-4-methyl-3-[2-[[(3~{S})-1-propanoylpyrrolidin-3-yl]amino]pyrimidin-4-yl]oxy-benzamide","OQ8","-","-","out","in"
"BRAF","RAF","TKL","6p7g","D","-","Human","3-[(imidazo[1,2-b]pyridazin-3-yl)ethynyl]-4-methyl-N-[4-({[2-(morpholin-4-yl)ethyl]amino}methyl)-3-(trifluoromethyl)phenyl]benzamide","E7M","-","-","out","in"
"RIPK2","RIPK","TKL","5ar7","A","B","Human","1-(5-TERT-BUTYL-1,2-OXAZOL-3-YL)-3-(4-PYRIDIN-4-YLOXYPHENYL)UREA","SR8","-","-","out","in"
"MAPK9 (JNK2)","MAPK","CMGC","3npc","B","-","Human","1-(5-TERT-BUTYL-2-P-TOLYL-2H-PYRAZOL-3-YL)-3-[4-(2-MORPHOLIN-4-YL-ETHOXY)-NAPHTHALEN-1-YL]-UREA","B96","-","-","out","in"
"MERTK (MER)","Axl","TK","7aw4","B","B","Human","3-methyl-5-(4-methyl-1,2,3-thiadiazol-5-yl)-N-((R)-1-(((R)-3-(methylamino)-3-oxo-1-(4-(trifluoromethyl)phenyl)propyl)amino)-1-oxo-4-phenylbutan-2-yl)isoxazole-4-carboxamide","S5E","-","-","out","out"
"CDK2","CDK","CMGC","5a14","A","A","Human","1-[4-(2-azanylpyrimidin-4-yl)oxyphenyl]-3-[4-[(4-methylpiperazin-1-yl)methyl]-3-(trifluoromethyl)phenyl]urea","LQ5","1-[4-(2-azanylpyrimidin-4-yl)oxyphenyl]-3-[4-[(4-methylpiperazin-1-yl)methyl]-3-(trifluoromethyl)phenyl]urea","LQ5","out","in"
"EGFR","EGFR","TK","5u8l","A","B","Human","4-[(4-{4-[(3-cyclopropyl-1H-pyrazol-5-yl)amino]-6-[(prop-2-yn-1-yl)carbamoyl]pyrimidin-2-yl}piperazin-1-yl)methyl]benzene-1-sulfonyl fluoride","O44","-","-","out","out"
"EPHA2 (EphA2)","Eph","TK","8boc","A","A","Human","~{N}-[3,5-bis(trifluoromethyl)phenyl]-4-methyl-3-[(1-methyl-6-pyridin-3-yl-pyrazolo[3,4-d]pyrimidin-4-yl)amino]benzamide","QUF","-","-","out","in"
"RIPK2","RIPK","TKL","5ar7","B","A","Human","1-(5-TERT-BUTYL-1,2-OXAZOL-3-YL)-3-(4-PYRIDIN-4-YLOXYPHENYL)UREA","SR8","-","-","out","in"
"DDR1","DDR","TK","6hp9","B","-","Human","(2~{R})-~{N}-[3-(4-methylimidazol-1-yl)-5-(trifluoromethyl)phenyl]-2-(pyrimidin-5-ylamino)-2,3-dihydro-1~{H}-indene-5-carboxamide","GKB","-","-","out","in"
"DDR1","DDR","TK","6fex","A","B","Human","2-[4-bromanyl-2-oxidanylidene-1'-(1~{H}-pyrazolo[4,3-b]pyridin-5-ylcarbonyl)spiro[indole-3,4'-piperidine]-1-yl]-~{N}-[2,2,2-tris(fluoranyl)ethyl]ethanamide","D6Z","-","-","out","in"
"DDR1","DDR","TK","6fio","A","A","Human","2-[1'-(1~{H}-indazol-5-ylcarbonyl)-4-methyl-2-oxidanylidene-spiro[indole-3,4'-piperidine]-1-yl]-~{N}-[2,2,2-tris(fluoranyl)ethyl]ethanamide","DJH","-","-","out","out"
"DDR1","DDR","TK","5saz","A","A","Human","2-chloro-5-{3-chloro-4-[(2-hydroxyethyl)amino]benzamido}-N-(1H-pyrrolo[2,3-b]pyridin-5-yl)benzamide","1IW","-","-","out","in"
"DDR1","DDR","TK","7bcm","A","-","Human","~{N}-[[4-[[(2~{S})-4-cyclohexyl-1-[[(3~{S})-1-methylsulfonylpiperidin-3-yl]amino]-1-oxidanylidene-butan-2-yl]carbamoyl]phenyl]methyl]imidazo[1,2-a]pyridine-3-carboxamide","TBK","-","-","out","in"
"DDR1","DDR","TK","5say","A","-","Human","N-(2-{3-[(2-aminopyrimidin-5-yl)oxy]phenyl}ethyl)-3-(trifluoromethoxy)benzamide","1IJ","-","-","out","in"
"MAP3K7 (TAK1)","MLK","TKL","5gjd","A","-","Human","1-(4-((1H-pyrrolo[2,3-b]pyridin-4-yl)oxy)phenyl)-3-(5-(4-methylpiperazin-1-yl)naphthalen-2-yl)urea","6V3","-","-","out","in"
"CDK8","CDK","CMGC","3rgf","A","B","Human","4-{4-[({[4-CHLORO-3-(TRIFLUOROMETHYL)PHENYL]AMINO}CARBONYL)AMINO]PHENOXY}-N-METHYLPYRIDINE-2-CARBOXAMIDE","BAX","-","-","out","in"
"CDK8","CDK","CMGC","4f7l","A","-","Human","tert-butyl [3-({[3-tert-butyl-1-(4-methylphenyl)-1H-pyrazol-5-yl]carbamoyl}amino)propyl]carbamate","0SO","-","-","out","in"
"CDK8","CDK","CMGC","4f6u","A","B","Human","1-[3-tert-butyl-1-(4-methylphenyl)-1H-pyrazol-5-yl]-3-[3-(morpholin-4-yl)propyl]urea","0SR","-","-","out","in"
"MAP2K7","STE7","STE","6yg7","A","A","Human","~{N}-[4-[(4-ethylpiperazin-1-yl)methyl]-3-(trifluoromethyl)phenyl]-4-methyl-3-[2-[[(3~{R})-1-propanoylpyrrolidin-3-yl]amino]pyrimidin-4-yl]oxy-benzamide","OQ2","-","-","out","in"
"MAP2K7","STE7","STE","6yg6","A","B","Human","~{N}-[4-[(4-ethylpiperazin-1-yl)methyl]-3-(trifluoromethyl)phenyl]-4-methyl-3-[2-[[(3~{S})-1-propanoylpyrrolidin-3-yl]amino]pyrimidin-4-yl]oxy-benzamide","OQ8","-","-","out","in"
"ABL1","Abl","TK","3pyy","A","A","Human","4-(4-METHYL-PIPERAZIN-1-YLMETHYL)-N-[4-METHYL-3-(4-PYRIDIN-3-YL-PYRIMIDIN-2-YLAMINO)-PHENYL]-BENZAMIDE","STI","(5R)-5-[3-(4-fluorophenyl)-1-phenyl-1H-pyrazol-4-yl]imidazolidine-2,4-dione","3YY","out","in"
"MERTK (MER)","Axl","TK","7xhy","A","-","Human","~{N}-[4-(2-azanyl-3-chloranyl-pyridin-4-yl)oxy-3-fluoranyl-phenyl]-5-(4-fluorophenyl)-4-oxidanylidene-1~{H}-pyridine-3-carboxamide","E0X","-","-","out","in"
"FGFR4","FGFR","TK","4qq5","A","-","Human","N-(4-{[3-(3,5-dimethoxyphenyl)-7-{[4-(4-methylpiperazin-1-yl)phenyl]amino}-2-oxo-3,4-dihydropyrimido[4,5-d]pyrimidin-1(2H)-yl]methyl}phenyl)propanamide","37O","-","-","out","in"
"ERN1 (IRE1)","IRE","Other","6hv0","A","-","Human","6-chloranyl-3-(2~{H}-indazol-5-yl)-~{N}-propan-2-yl-imidazo[1,2-b]pyridazin-8-amine","GUK","-","-","out","na"
"IRAK4","IRAK","TKL","6eg9","B","A","Human","3-(imidazo[1,2-b]pyridazin-3-ylethynyl)-4-methyl-N-{4-[(4-methylpiperazin-1-yl)methyl]-3-(trifluoromethyl)phenyl}benzamide","0LI","-","-","out","in"
"IRAK4","IRAK","TKL","6ega","B","A","Human","3-{2-[(cyclopropanecarbonyl)amino][1,3]thiazolo[5,4-b]pyridin-5-yl}-N-{4-[(piperazin-1-yl)methyl]-3-(trifluoromethyl)phenyl}benzamide","J8A","-","-","out","in"
"NEK2","NEK","Other","2xnm","A","B","Human","5-{6-[(1-METHYLPIPERIDIN-4-YL)OXY]-1H-BENZIMIDAZOL-1-YL}-3-{(1R)-1-[2-(TRIFLUOROMETHYL)PHENYL]ETHOXY}THIOPHENE-2-CARBOXAMIDE","WGZ","-","-","out","out"
"NEK2","NEK","Other","2jav","A","B","Human","5-[(Z)-(5-CHLORO-2-OXO-1,2-DIHYDRO-3H-INDOL-3-YLIDENE)METHYL]-N-(DIETHYLAMINO)ETHYL]-2,4-DIMETHYL-1H-PYRROLE-3-CARBOXAMIDE","5Z5","-","-","out","out"
"NEK2","NEK","Other","2xk4","A","C","Human","4-[3-amino-6-(3,4,5-trimethoxyphenyl)pyrazin-2-yl]-2-ethoxybenzoic acid","OL2","-","-","out","out"
"NEK2","NEK","Other","2xk4","A","A","Human","4-[3-amino-6-(3,4,5-trimethoxyphenyl)pyrazin-2-yl]-2-ethoxybenzoic acid","OL2","-","-","out","out"
"NEK2","NEK","Other","2xnn","A","A","Human","5-(1H-benzimidazol-1-yl)-3-{(1R)-1-[2-(trifluoromethyl)phenyl]ethoxy}thiophene-2-carboxamide","430","-","-","out","out"
"ALK","ALK","TK","5iug","A","A","Human","N-[3-(4-{[(5-tert-butyl-1,2-oxazol-3-yl)carbamoyl]amino}-3-methylphenyl)-1H-pyrazol-5-yl]-4-[(4-methylpiperazin-1-yl)methyl]benzamide","729","-","-","out","in"
"BRAF","RAF","TKL","6n0q","B","B","Human","N-[4-methyl-3-(1-methyl-2-oxo-2,3-dihydro-1H-benzimidazol-5-yl)phenyl]-3-(trifluoromethyl)benzamide","K7S","-","-","out","in"
"EPHA2 (EphA2)","Eph","TK","8bog","A","C","Human","~{N}-[4-methyl-3-[(1-methyl-6-pyridin-3-yl-pyrazolo[3,4-d]pyrimidin-4-yl)amino]phenyl]-3-(trifluoromethyl)benzamide","QUU","-","-","out","in"
"EPHA2 (EphA2)","Eph","TK","8bof","A","A","Human","4-methyl-~{N}-(3-methylphenyl)-3-[(1-methyl-6-pyridin-3-yl-pyrazolo[3,4-d]pyrimidin-4-yl)amino]benzamide","R3L","-","-","out","in"
"EPHA2 (EphA2)","Eph","TK","8boh","A","A","Human","4-methyl-~{N}-[3-(4-methylimidazol-1-yl)-5-(trifluoromethyl)phenyl]-3-[(1-methyl-6-pyridin-3-yl-pyrazolo[3,4-d]pyrimidin-4-yl)amino]benzamide","R0T","-","-","out","in"
"EPHA2 (EphA2)","Eph","TK","8boh","A","B","Human","4-methyl-~{N}-[3-(4-methylimidazol-1-yl)-5-(trifluoromethyl)phenyl]-3-[(1-methyl-6-pyridin-3-yl-pyrazolo[3,4-d]pyrimidin-4-yl)amino]benzamide","R0T","-","-","out","in"
"EPHA2 (EphA2)","Eph","TK","8boi","A","B","Human","4-methyl-~{N}-[4-[(4-methylpiperazin-1-yl)methyl]-3-(trifluoromethyl)phenyl]-3-[(1-methyl-6-pyridin-3-yl-pyrazolo[3,4-d]pyrimidin-4-yl)amino]benzamide","R0O","-","-","out","in"
"PTK2B (PYK2)","FAK","TK","4h1m","A","-","Human","7-({[3-tert-butyl-1-(4-methylphenyl)-1H-pyrazol-5-yl]carbamoyl}amino)-N-(propan-2-yl)-1H-indole-2-carboxamide","0YJ","-","-","out","in"
"TNK2 (ACK)","Ack","TK","5zxb","B","B","Human","N-{3-[7-{[6-(4-acetylpiperazin-1-yl)pyridin-3-yl]amino}-1-methyl-2-oxo-1,4-dihydropyrimido[4,5-d]pyrimidin-3(2H)-yl]-4-methylphenyl}-3-(trifluoromethyl)benzamide","9KO","-","-","out","in"
"PDPK1 (PDK1)","PDK1","AGC","3qc4","B","B","Human","1-(3,4-difluorobenzyl)-2-oxo-N-{(1R)-2-[(2-oxo-2,3-dihydro-1H-benzimidazol-5-yl)oxy]-1-phenylethyl}-1,2-dihydropyridine-3-carboxamide","MP7","-","-","out","out"
"BRAF","RAF","TKL","7k0v","A","B","Human","N-(3,3-dimethylbutyl)-N'-{2-fluoro-5-[(5-fluoro-3-methyl-4-oxo-3,4-dihydroquinazolin-6-yl)amino]-4-methylphenyl}urea","VQP","-","-","out","in"
"BRAF","RAF","TKL","5c9c","A","A","Human","1-(3,3-dimethylbutyl)-3-{2-fluoro-4-methyl-5-[7-methyl-2-(methylamino)pyrido[2,3-d]pyrimidin-6-yl]phenyl}urea","4Z5","-","-","out","in"
"TEK (TIE2)","Tie","TK","6mwe","B","B","Human","4-[4-({[3-tert-butyl-1-(quinolin-6-yl)-1H-pyrazol-5-yl]carbamoyl}amino)-3-fluorophenoxy]-N-methylpyridine-2-carboxamide","919","-","-","out","in"
"PTK6 (BRK)","Src","TK","6cz4","A","A","Human","2-{[(3R,4S)-3-fluoro-1-{[4-(trifluoromethoxy)phenyl]acetyl}piperidin-4-yl]oxy}-5-(1-methyl-1H-imidazol-4-yl)pyridine-3-carboxamide","FKY","-","-","out","out"
"NTRK1 (TRKA)","Trk","TK","5kmj","A","A","Human","~{N}-(pyridin-2-ylmethyl)-2-(2-thiophen-2-ylindol-1-yl)ethanamide","6UF","-","-","out","in"
"NTRK1 (TRKA)","Trk","TK","6pl1","A","A","Human","N-(5-{[(7-methyl-4-oxo-4H-pyrido[1,2-a]pyrimidin-2-yl)methyl]sulfanyl}-1,3,4-thiadiazol-2-yl)-N'-[3-(trifluoromethyl)phenyl]urea","OOJ","-","-","out","in"
"IRAK4","IRAK","TKL","6eg9","B","B","Human","3-(imidazo[1,2-b]pyridazin-3-ylethynyl)-4-methyl-N-{4-[(4-methylpiperazin-1-yl)methyl]-3-(trifluoromethyl)phenyl}benzamide","0LI","-","-","out","in"
"PTK2 (FAK)","FAK","TK","4ebw","A","B","Human","-","-","1-ethyl-8-(4-ethylphenyl)-5-methyl-1,5-dihydropyrazolo[4,3-c][2,1]benzothiazine 4,4-dioxide","0PF","out","in"
"KDR","VEGFR","TK","4agc","A","-","Human","AXITINIB","AXI","-","-","out","in"
"TEK (TIE2)","Tie","TK","6mwe","A","B","Human","4-[4-({[3-tert-butyl-1-(quinolin-6-yl)-1H-pyrazol-5-yl]carbamoyl}amino)-3-fluorophenoxy]-N-methylpyridine-2-carboxamide","919","-","-","out","in"
"CSF1R (FMS)","PDGFR","TK","7mfc","A","B","Human","Vimseltinib","Z6V","-","-","out","in"
"CSF1R (FMS)","PDGFR","TK","7mfc","A","A","Human","Vimseltinib","Z6V","-","-","out","in"
"CSF1R (FMS)","PDGFR","TK","6n33","A","-","Human","6-fluoro-N-[(5-fluoro-2-methoxypyridin-3-yl)methyl]-5-[(5-methyl-1H-pyrrolo[2,3-b]pyridin-3-yl)methyl]pyridin-2-amine","622","-","-","out","in"
"CSF1R (FMS)","PDGFR","TK","3krj","A","A","Human","4-cyano-N-(2-cyclohex-1-en-1-yl-4-piperidin-4-ylphenyl)-1H-imidazole-2-carboxamide","KRJ","-","-","out","in"
"CSF1R (FMS)","PDGFR","TK","4hw7","A","-","Human","5-[(5-methoxy-1H-pyrrolo[2,3-b]pyridin-3-yl)methyl]-N-[4-(trifluoromethyl)benzyl]pyridin-2-amine","64M","-","-","out","in"
"CSF1R (FMS)","PDGFR","TK","6t2w","A","-","Human","2-[(4-methoxy-2-methyl-phenyl)amino]-7-methyl-9-(4-oxidanylcyclohexyl)purin-8-one","M9T","-","-","out","in"
"CSF1R (FMS)","PDGFR","TK","3krj","A","B","Human","4-cyano-N-(2-cyclohex-1-en-1-yl-4-piperidin-4-ylphenyl)-1H-imidazole-2-carboxamide","KRJ","-","-","out","in"
"CSF1R (FMS)","PDGFR","TK","2i1m","A","-","Human","5-CYANO-FURAN-2-CARBOXYLIC ACID [5-HYDROXYMETHYL-2-(4-METHYL-PIPERIDIN-1-YL)-PHENYL]-AMIDE","5CN","-","-","out","in"
"CSF1R (FMS)","PDGFR","TK","6ig8","A","A","Human","(3-{4-[(4-cyclopropylphenyl)methoxy]-3-methoxyphenyl}azetidin-1-yl)(4-{[(2S)-2,3-dihydroxypropoxy]methyl}pyridin-2-yl)methanone","A7O","-","-","out","in"
"CSF1R (FMS)","PDGFR","TK","6wxj","A","-","Human","4-(3-{[(2S)-2-(6-methoxypyridin-3-yl)-2,3-dihydro-1,4-benzodioxin-6-yl]methyl}-3H-imidazo[4,5-b]pyridin-6-yl)-2-methylbut-3-yn-2-amine","UF4","-","-","out","in"
"CSNK1E (CK1e)","CK1","CK1","4hni","A","-","Human","3-[(3-chlorophenoxy)methyl]-1-(tetrahydro-2H-pyran-4-yl)-1H-pyrazolo[3,4-d]pyrimidin-4-amine","16W","-","-","out","in"
"CSNK1E (CK1e)","CK1","CK1","4hni","B","-","Human","3-[(3-chlorophenoxy)methyl]-1-(tetrahydro-2H-pyran-4-yl)-1H-pyrazolo[3,4-d]pyrimidin-4-amine","16W","-","-","out","na"
"EPHA2 (EphA2)","Eph","TK","8xpv","A","B","Human","1-(3,3-dimethylbutyl)-3-{2-fluoro-4-methyl-5-[7-methyl-2-(methylamino)pyrido[2,3-d]pyrimidin-6-yl]phenyl}urea","4Z5","-","-","out","in"
"BRAF","RAF","TKL","8qqg","A","B","Human","(3~{S})-~{N}-[4-methyl-3-[2-morpholin-4-yl-6-[[(2~{R})-1-oxidanylpropan-2-yl]amino]pyridin-4-yl]phenyl]-3-[2,2,2-tris(fluoranyl)ethyl]pyrrolidine-1-carboxamide","WJ9","-","-","out","in"
"BRAF","RAF","TKL","8qqg","A","A","Human","(3~{S})-~{N}-[4-methyl-3-[2-morpholin-4-yl-6-[[(2~{R})-1-oxidanylpropan-2-yl]amino]pyridin-4-yl]phenyl]-3-[2,2,2-tris(fluoranyl)ethyl]pyrrolidine-1-carboxamide","WJ9","-","-","out","in"
"INSR","InsR","TK","3eta","A","B","Human","1-(3-{5-[4-(aminomethyl)phenyl]-1H-pyrrolo[2,3-b]pyridin-3-yl}phenyl)-3-(2-phenoxyphenyl)urea","351","-","-","out","in"
"INSR","InsR","TK","3eta","B","A","Human","1-(3-{5-[4-(aminomethyl)phenyl]-1H-pyrrolo[2,3-b]pyridin-3-yl}phenyl)-3-(2-phenoxyphenyl)urea","351","-","-","out","in"
"NTRK1 (TRKA)","Trk","TK","6dkw","B","A","Human","5-(1-methyl-1H-imidazol-4-yl)-2-[(1-{[4-(trifluoromethoxy)phenyl]acetyl}piperidin-4-yl)oxy]benzamide","GXA","-","-","out","in"
"NTRK1 (TRKA)","Trk","TK","5kmm","A","-","Human","1-(2-methyl-4-phenyl-pyrimidin-5-yl)-3-naphthalen-1-yl-urea","6UJ","-","-","out","in"
"NTRK1 (TRKA)","Trk","TK","6nsp","A","B","Human","N-(8-methyl-2-phenylimidazo[1,2-a]pyridin-3-yl)-2-(3-oxo-2,3-dihydro-4H-1,4-benzothiazin-4-yl)acetamide","L0P","-","-","out","in"
"MET","Met","TK","5hti","A","B","Human","N-[3-fluoro-4-({7-[2-(morpholin-4-yl)ethoxy]-1,6-naphthyridin-4-yl}oxy)phenyl]-N'-(4-fluorophenyl)cyclopropane-1,1-dicarboxamide","66L","-","-","out","in"
"NTRK1 (TRKA)","Trk","TK","4pmp","A","B","Human","1-cyclopropyl-1-[3-(1,3-thiazol-2-yl)benzyl]-3-[4-(trifluoromethoxy)phenyl]urea","31W","-","-","out","in"
"AURKA (AurA)","Aur","Other","8pr7","A","-","Human","ADENOSINE-5'-DIPHOSPHATE","ADP","-","-","out","in"
"Ripk3 (RIPK3)","RIPK","TKL","6oko","A","A","Mouse","1-(4-fluorophenyl)-N-[3-fluoro-4-(1H-pyrrolo[2,3-b]pyridin-4-yloxy)phenyl]-2-oxo-1,2-dihydropyridine-3-carboxamide","1FN","-","-","out","in"
"Ripk3 (RIPK3)","RIPK","TKL","6oko","B","A","Mouse","1-(4-fluorophenyl)-N-[3-fluoro-4-(1H-pyrrolo[2,3-b]pyridin-4-yloxy)phenyl]-2-oxo-1,2-dihydropyridine-3-carboxamide","1FN","-","-","out","in"
"FGFR4","FGFR","TK","4tyj","A","-","Human","3-(imidazo[1,2-b]pyridazin-3-ylethynyl)-4-methyl-N-{4-[(4-methylpiperazin-1-yl)methyl]-3-(trifluoromethyl)phenyl}benzamide","0LI","-","-","out","in"
"EPHA2 (EphA2)","Eph","TK","8bod","A","B","Human","~{N}-[3,5-bis(chloranyl)phenyl]-4-methyl-3-[(1-methyl-6-pyridin-3-yl-pyrazolo[3,4-d]pyrimidin-4-yl)amino]benzamide","QTX","-","-","out","in"
"EPHA2 (EphA2)","Eph","TK","8boi","A","A","Human","4-methyl-~{N}-[4-[(4-methylpiperazin-1-yl)methyl]-3-(trifluoromethyl)phenyl]-3-[(1-methyl-6-pyridin-3-yl-pyrazolo[3,4-d]pyrimidin-4-yl)amino]benzamide","R0O","-","-","out","in"
"MERTK (MER)","Axl","TK","7aay","A","B","Human","N-(3-fluoro-4-{[1-methyl-6-(1H-pyrazol-4-yl)-1H-indazol-5-yl]oxy}phenyl)-1-(4-fluorophenyl)-6-methyl-2-oxo-1,2-dihydropyridine-3-carboxamide","L1X","-","-","out","in"
"MERTK (MER)","Axl","TK","7avx","B","-","Human","1-(4-fluorophenyl)-N-[3-fluoro-4-[(3-phenyl-1H-pyrrolo[2,3-b]pyridin-4-yl)oxy]phenyl]-2,3-dimethyl-5-oxopyrazole-4-carboxamide","S4K","-","-","out","out"
"CAMKK1 (CaMKK1)","CAMKK","Other","6cd6","D","B","Human","2-cyclopentyl-4-(5-phenyl-1H-pyrrolo[2,3-b]pyridin-3-yl)benzoic acid","DXV","-","-","out","in"
"CAMKK1 (CaMKK1)","CAMKK","Other","6cd6","D","A","Human","2-cyclopentyl-4-(5-phenyl-1H-pyrrolo[2,3-b]pyridin-3-yl)benzoic acid","DXV","-","-","out","in"
"EPHA2 (EphA2)","Eph","TK","8xpv","A","A","Human","1-(3,3-dimethylbutyl)-3-{2-fluoro-4-methyl-5-[7-methyl-2-(methylamino)pyrido[2,3-d]pyrimidin-6-yl]phenyl}urea","4Z5","-","-","out","in"
"AURKA (AurA)","Aur","Other","6vpj","A","B","Human","PHOSPHOAMINOPHOSPHONIC ACID-ADENYLATE ESTER","ANP","-","-","out","in"
"AURKA (AurA)","Aur","Other","6vph","A","B","Human","DITHIANE DIOL","DTD","-","-","out","in"
"AURKA (AurA)","Aur","Other","3h10","B","-","Human","9-chloro-7-(2,6-difluorophenyl)-N-{4-[(4-methylpiperazin-1-yl)carbonyl]phenyl}-5H-pyrimido[5,4-d][2]benzazepin-2-amine","97B","-","-","out","in"
"AURKA (AurA)","Aur","Other","6vpj","A","A","Human","PHOSPHOAMINOPHOSPHONIC ACID-ADENYLATE ESTER","ANP","-","-","out","in"
"AURKA (AurA)","Aur","Other","3h10","A","-","Human","9-chloro-7-(2,6-difluorophenyl)-N-{4-[(4-methylpiperazin-1-yl)carbonyl]phenyl}-5H-pyrimido[5,4-d][2]benzazepin-2-amine","97B","-","-","out","in"
"AURKA (AurA)","Aur","Other","6cpg","A","-","Human","1-cyclopropyl-3-{3-[5-(morpholin-4-ylmethyl)-1H-benzimidazol-2-yl]-1H-pyrazol-4-yl}urea","35R","-","-","out","in"
"AURKA (AurA)","Aur","Other","6vph","A","A","Human","DITHIANE DIOL","DTD","-","-","out","in"
"AURKA (AurA)","Aur","Other","6c83","B","-","Human","PHOSPHOMETHYLPHOSPHONIC ACID ADENYLATE ESTER","ACP","-","-","out","in"
"MET","Met","TK","5dg5","A","A","Human","N-(2,5-difluoro-4-{[2-(1-methyl-1H-pyrazol-4-yl)pyridin-4-yl]oxy}phenyl)-N'-(4-fluorophenyl)cyclopropane-1,1-dicarboxamide","5B4","-","-","out","in"
"MET","Met","TK","3cth","A","-","Human","N-({4-[(2-aminopyridin-4-yl)oxy]-3-fluorophenyl}carbamoyl)-2-(4-fluorophenyl)acetamide","319","-","-","out","in"
"NTRK1 (TRKA)","Trk","TK","6d1z","A","A","Human","5-{[5-(6-aminopyridin-2-yl)-2-chlorobenzene-1-carbonyl]amino}-1-phenyl-1H-pyrazole-3-carboxamide","FQM","5-(4-fluorophenyl)thieno[2,3-d]pyrimidin-4(3H)-one","FQD","out","in"
"EPHA2 (EphA2)","Eph","TK","6q7c","A","A","Human","3-[[4-imidazol-1-yl-6-[(3~{S})-3-oxidanylpiperidin-1-yl]-1,3,5-triazin-2-yl]amino]-4-methyl-~{N}-[3-(trifluoromethyl)phenyl]benzamide","HOK","-","-","out","in"
"EPHA2 (EphA2)","Eph","TK","6q7f","A","A","Human","3-[(4-imidazol-1-yl-6-piperazin-1-yl-1,3,5-triazin-2-yl)amino]-4-methyl-~{N}-[3-(trifluoromethyl)phenyl]benzamide","HNZ","-","-","out","in"
"EPHA2 (EphA2)","Eph","TK","6hex","A","B","Human","4-methyl-3-[(1-methyl-6-pyrazin-2-yl-pyrazolo[3,4-d]pyrimidin-4-yl)amino]-~{N}-[3-(trifluoromethyl)phenyl]benzamide","G02","-","-","out","in"
"Abl1 (ABL1)","Abl","TK","3ms9","B","A","Mouse","4-(4-METHYL-PIPERAZIN-1-YLMETHYL)-N-[4-METHYL-3-(4-PYRIDIN-3-YL-PYRIMIDIN-2-YLAMINO)-PHENYL]-BENZAMIDE","STI","methyl 2-amino-4-chlorobenzoate","MS9","out","in"
"EPHA2 (EphA2)","Eph","TK","8bom","A","B","Human","~{N}-(3-methoxyphenyl)-4-methyl-3-[(1-methyl-6-pyridin-3-yl-pyrazolo[3,4-d]pyrimidin-4-yl)amino]benzamide","QU6","-","-","out","in"
"EPHA2 (EphA2)","Eph","TK","6fnf","A","B","Human","4-methyl-3-[(1-methyl-6-pyridin-3-yl-pyrazolo[3,4-d]pyrimidin-4-yl)amino]-~{N}-[3-(trifluoromethyl)phenyl]benzamide","DXH","-","-","out","in"
"EPHA2 (EphA2)","Eph","TK","6q7c","A","B","Human","3-[[4-imidazol-1-yl-6-[(3~{S})-3-oxidanylpiperidin-1-yl]-1,3,5-triazin-2-yl]amino]-4-methyl-~{N}-[3-(trifluoromethyl)phenyl]benzamide","HOK","-","-","out","in"
"EPHA2 (EphA2)","Eph","TK","6hev","A","B","Human","4-methyl-3-[(2-pyridin-3-ylpyrido[2,3-d]pyrimidin-4-yl)amino]-~{N}-[3-(trifluoromethyl)phenyl]benzamide","G0K","-","-","out","in"
"EPHA2 (EphA2)","Eph","TK","6q7b","A","A","Human","3-[[4-imidazol-1-yl-6-[(3~{S})-3-oxidanylpyrrolidin-1-yl]-1,3,5-triazin-2-yl]amino]-4-methyl-~{N}-[3-(trifluoromethyl)phenyl]benzamide","HO5","-","-","out","in"
"EPHA2 (EphA2)","Eph","TK","8bok","A","A","Human","~{N}-(3,5-dimethoxyphenyl)-4-methyl-3-[(1-methyl-6-pyridin-3-yl-pyrazolo[3,4-d]pyrimidin-4-yl)amino]benzamide","R0X","-","-","out","in"
"EPHA2 (EphA2)","Eph","TK","6fng","A","A","Human","4-methyl-3-[(2-methyl-6-pyridin-3-yl-pyrazolo[3,4-d]pyrimidin-4-yl)amino]-~{N}-[3-(trifluoromethyl)phenyl]benzamide","DWT","-","-","out","in"
"EPHA2 (EphA2)","Eph","TK","6fnf","A","A","Human","4-methyl-3-[(1-methyl-6-pyridin-3-yl-pyrazolo[3,4-d]pyrimidin-4-yl)amino]-~{N}-[3-(trifluoromethyl)phenyl]benzamide","DXH","-","-","out","in"
"EPHA2 (EphA2)","Eph","TK","6q7d","A","A","Human","3-[[4-imidazol-1-yl-6-(4-oxidanylpiperidin-1-yl)-1,3,5-triazin-2-yl]amino]-4-methyl-~{N}-[3-(trifluoromethyl)phenyl]benzamide","HOT","-","-","out","in"
"EPHA2 (EphA2)","Eph","TK","5ia4","A","A","Human","N-(3-fluoro-4-{[6-methoxy-7-(3-morpholin-4-ylpropoxy)quinolin-4-yl]oxy}phenyl)-N'-(4-fluorophenyl)cyclopropane-1,1-dicarboxamide","88Z","-","-","out","in"
"EPHA2 (EphA2)","Eph","TK","8bog","A","B","Human","~{N}-[4-methyl-3-[(1-methyl-6-pyridin-3-yl-pyrazolo[3,4-d]pyrimidin-4-yl)amino]phenyl]-3-(trifluoromethyl)benzamide","QUU","-","-","out","in"
"EPHA2 (EphA2)","Eph","TK","6heu","A","B","Human","3-[(4,6-dipyridin-4-yl-1,3,5-triazin-2-yl)amino]-4-methyl-~{N}-[3-(trifluoromethyl)phenyl]benzamide","G0N","-","-","out","in"
"EPHA2 (EphA2)","Eph","TK","6q7e","A","A","Human","3-[[4-imidazol-1-yl-6-[(3~{R})-3-oxidanylpyrrolidin-1-yl]-1,3,5-triazin-2-yl]amino]-4-methyl-~{N}-[3-(trifluoromethyl)phenyl]benzamide","HMW","-","-","out","in"
"EPHA2 (EphA2)","Eph","TK","6hey","A","B","Human","3-[(4,6-dipyridin-3-yl-1,3,5-triazin-2-yl)amino]-4-methyl-~{N}-[3-(trifluoromethyl)phenyl]benzamide","FZW","-","-","out","in"
"EPHA2 (EphA2)","Eph","TK","6fng","A","B","Human","4-methyl-3-[(2-methyl-6-pyridin-3-yl-pyrazolo[3,4-d]pyrimidin-4-yl)amino]-~{N}-[3-(trifluoromethyl)phenyl]benzamide","DWT","-","-","out","in"
"EPHA2 (EphA2)","Eph","TK","6hew","A","A","Human","4-methyl-3-[(1-methyl-6-pyrimidin-5-yl-pyrazolo[3,4-d]pyrimidin-4-yl)amino]-~{N}-[3-(trifluoromethyl)phenyl]benzamide","G0E","-","-","out","in"
"EPHA2 (EphA2)","Eph","TK","6q7f","A","B","Human","3-[(4-imidazol-1-yl-6-piperazin-1-yl-1,3,5-triazin-2-yl)amino]-4-methyl-~{N}-[3-(trifluoromethyl)phenyl]benzamide","HNZ","-","-","out","in"
"EPHA2 (EphA2)","Eph","TK","8boc","A","B","Human","~{N}-[3,5-bis(trifluoromethyl)phenyl]-4-methyl-3-[(1-methyl-6-pyridin-3-yl-pyrazolo[3,4-d]pyrimidin-4-yl)amino]benzamide","QUF","-","-","out","in"
"EPHA2 (EphA2)","Eph","TK","6heu","A","A","Human","3-[(4,6-dipyridin-4-yl-1,3,5-triazin-2-yl)amino]-4-methyl-~{N}-[3-(trifluoromethyl)phenyl]benzamide","G0N","-","-","out","in"
"EPHA2 (EphA2)","Eph","TK","6hev","A","A","Human","4-methyl-3-[(2-pyridin-3-ylpyrido[2,3-d]pyrimidin-4-yl)amino]-~{N}-[3-(trifluoromethyl)phenyl]benzamide","G0K","-","-","out","in"
"EPHA2 (EphA2)","Eph","TK","6hey","A","A","Human","3-[(4,6-dipyridin-3-yl-1,3,5-triazin-2-yl)amino]-4-methyl-~{N}-[3-(trifluoromethyl)phenyl]benzamide","FZW","-","-","out","in"
"EPHA2 (EphA2)","Eph","TK","5ia5","A","B","Human","golvatinib","GV0","-","-","out","in"
"EPHA2 (EphA2)","Eph","TK","6hew","A","B","Human","4-methyl-3-[(1-methyl-6-pyrimidin-5-yl-pyrazolo[3,4-d]pyrimidin-4-yl)amino]-~{N}-[3-(trifluoromethyl)phenyl]benzamide","G0E","-","-","out","in"
"EPHA2 (EphA2)","Eph","TK","8bod","A","A","Human","~{N}-[3,5-bis(chloranyl)phenyl]-4-methyl-3-[(1-methyl-6-pyridin-3-yl-pyrazolo[3,4-d]pyrimidin-4-yl)amino]benzamide","QTX","-","-","out","in"
"EPHA2 (EphA2)","Eph","TK","8bom","A","A","Human","~{N}-(3-methoxyphenyl)-4-methyl-3-[(1-methyl-6-pyridin-3-yl-pyrazolo[3,4-d]pyrimidin-4-yl)amino]benzamide","QU6","-","-","out","in"
"EPHA2 (EphA2)","Eph","TK","8bok","A","B","Human","~{N}-(3,5-dimethoxyphenyl)-4-methyl-3-[(1-methyl-6-pyridin-3-yl-pyrazolo[3,4-d]pyrimidin-4-yl)amino]benzamide","R0X","-","-","out","in"
"MET","Met","TK","9c1r","A","A","Human","N-(2,5-difluoro-4-{[(1s,3S)-3-(1-methyl-1H-pyrazol-3-yl)cyclobutyl][(8R)-pyrazolo[1,5-a]pyrazin-4-yl]amino}phenyl)-2-(5-fluoropyridin-2-yl)-3-oxo-2,3-dihydropyridazine-4-carboxamide","A1ATS","-","-","out","in"
"MET","Met","TK","9c1r","A","B","Human","N-(2,5-difluoro-4-{[(1s,3S)-3-(1-methyl-1H-pyrazol-3-yl)cyclobutyl][(8R)-pyrazolo[1,5-a]pyrazin-4-yl]amino}phenyl)-2-(5-fluoropyridin-2-yl)-3-oxo-2,3-dihydropyridazine-4-carboxamide","A1ATS","-","-","out","in"
"NTRK1 (TRKA)","Trk","TK","5h3q","A","A","Human","1-[(3S,4R)-4-[3,4-bis(fluoranyl)phenyl]-1-(2-methoxyethyl)pyrrolidin-3-yl]-3-(5-ethoxy-4-methyl-2-phenyl-pyrazol-3-yl)urea","7HF","-","-","out","in"
"SLK","STE20","STE","8bem","A","A","Human","TIVOZANIB","AV9","-","-","out","in"
"FGR","Src","TK","7uy3","A","-","Human","3-[(6,7-dimethoxyquinazolin-4-yl)oxy]-N-{4-[(4-ethylpiperazin-1-yl)methyl]-3-(trifluoromethyl)phenyl}-4-methylbenzamide","OJL","-","-","out","in"
"MAP2K7","STE7","STE","6yg7","A","B","Human","~{N}-[4-[(4-ethylpiperazin-1-yl)methyl]-3-(trifluoromethyl)phenyl]-4-methyl-3-[2-[[(3~{R})-1-propanoylpyrrolidin-3-yl]amino]pyrimidin-4-yl]oxy-benzamide","OQ2","-","-","out","in"
"EPHA2 (EphA2)","Eph","TK","5ia5","A","A","Human","golvatinib","GV0","-","-","out","in"
"MAP2K7","STE7","STE","6yg6","B","B","Human","~{N}-[4-[(4-ethylpiperazin-1-yl)methyl]-3-(trifluoromethyl)phenyl]-4-methyl-3-[2-[[(3~{S})-1-propanoylpyrrolidin-3-yl]amino]pyrimidin-4-yl]oxy-benzamide","OQ8","-","-","out","in"
"RIPK2","RIPK","TKL","5w5j","B","-","Human","N-(2-chlorophenyl)pyrazolo[1,5-a]pyridine-3-carboxamide","9WS","-","-","out","out"
"RIPK2","RIPK","TKL","4c8b","A","-","Human","3-(imidazo[1,2-b]pyridazin-3-ylethynyl)-4-methyl-N-{4-[(4-methylpiperazin-1-yl)methyl]-3-(trifluoromethyl)phenyl}benzamide","0LI","-","-","out","in"
"RIPK2","RIPK","TKL","5ar7","B","B","Human","1-(5-TERT-BUTYL-1,2-OXAZOL-3-YL)-3-(4-PYRIDIN-4-YLOXYPHENYL)UREA","SR8","-","-","out","in"
"RIPK2","RIPK","TKL","5ar7","A","A","Human","1-(5-TERT-BUTYL-1,2-OXAZOL-3-YL)-3-(4-PYRIDIN-4-YLOXYPHENYL)UREA","SR8","-","-","out","in"
"DDR1","DDR","TK","5sb2","A","A","Human","3-chloro-N-[(1R,2S)-2-phenylcyclopropyl]-5-{[(1H-pyrrolo[2,3-b]pyridin-5-yl)oxy]methyl}benzamide","1K2","-","-","out","in"
"DDR1","DDR","TK","5bvo","A","-","Human","N-(5-{(1S)-1-[(5-fluoro-1,3-benzoxazol-2-yl)amino]ethyl}-2-methylphenyl)imidazo[1,2-a]pyridine-3-carboxamide","4VE","-","-","out","in"
"DDR1","DDR","TK","5bvk","A","-","Human","1-(2-chlorophenyl)-3-(pyridin-3-ylmethyl)urea","4VC","-","-","out","in"
"DDR1","DDR","TK","4ckr","A","A","Human","4-[(4-ethylpiperazin-1-yl)methyl]-n-{4-methyl-3-[(2-oxo-2,3-dihydro-1h-indol-5-yl)oxy]phenyl}-3-(trifluoromethyl)benzamide","DI1","-","-","out","in"
"DDR1","DDR","TK","5fdx","A","-","Human","3-[(4-methylpiperazin-1-yl)methyl]-~{N}-[(4~{R})-4-methyl-2-pyrimidin-5-yl-3,4-dihydro-1~{H}-isoquinolin-7-yl]-5-(trifluoromethyl)benzamide","5X1","-","-","out","in"
"DDR1","DDR","TK","5sau","A","A","Human","3-[(6-aminopyridin-3-yl)ethynyl]-N-[3-(trifluoromethyl)phenyl]benzamide","1IF","-","-","out","in"
"DDR1","DDR","TK","5bvw","A","-","Human","N-(2-CHLORO-6-METHYLPHENYL)-2-({6-[4-(2-HYDROXYETHYL)PIPERAZIN-1-YL]-2-METHYLPYRIMIDIN-4-YL}AMINO)-1,3-THIAZOLE-5-CARBOXAMIDE","1N1","-","-","out","in"
"DDR1","DDR","TK","6gwr","B","A","Human","3-(2-imidazo[1,2-a]pyrazin-3-ylethynyl)-~{N}-[3-[(4-methylpiperazin-1-yl)methyl]-5-(trifluoromethyl)phenyl]-4-propan-2-yl-benzamide","FEW","-","-","out","in"
"DDR1","DDR","TK","6fin","A","B","Human","3-[(3-cyclopropyl-1,2,4-oxadiazol-5-yl)methyl]-8-(1~{H}-indazol-5-ylcarbonyl)-1-phenyl-1,3,8-triazaspiro[4.5]decan-4-one","DJQ","-","-","out","in"
"DDR1","DDR","TK","7be6","A","A","Human","5-amino-N-(4-(((2S)-4-cyclohexyl-1-((1-(methylsulfonyl)piperidin-3-yl)amino)-1-oxobutan-2-yl)carbamoyl)benzyl)-1-phenyl-1H-pyrazole-4-carboxamide","TJW","-","-","out","in"
"DDR1","DDR","TK","5sb2","A","B","Human","3-chloro-N-[(1R,2S)-2-phenylcyclopropyl]-5-{[(1H-pyrrolo[2,3-b]pyridin-5-yl)oxy]methyl}benzamide","1K2","-","-","out","in"
"DDR1","DDR","TK","5sb1","A","B","Human","4-chloro-N-[(3S,4R)-4-phenylpyrrolidin-3-yl]-3-{[(1H-pyrrolo[2,3-b]pyridin-5-yl)oxy]methyl}benzamide","1JI","-","-","out","in"
"DDR1","DDR","TK","5sau","A","B","Human","3-[(6-aminopyridin-3-yl)ethynyl]-N-[3-(trifluoromethyl)phenyl]benzamide","1IF","-","-","out","in"
"DDR1","DDR","TK","5saw","A","A","Human","2-{3-[(pyridin-3-yl)ethynyl]phenyl}-N-[3-(trifluoromethyl)phenyl]acetamide","1IM","-","-","out","in"
"DDR1","DDR","TK","6gwr","A","B","Human","3-(2-imidazo[1,2-a]pyrazin-3-ylethynyl)-~{N}-[3-[(4-methylpiperazin-1-yl)methyl]-5-(trifluoromethyl)phenyl]-4-propan-2-yl-benzamide","FEW","-","-","out","in"
"DDR1","DDR","TK","6hp9","A","-","Human","(2~{R})-~{N}-[3-(4-methylimidazol-1-yl)-5-(trifluoromethyl)phenyl]-2-(pyrimidin-5-ylamino)-2,3-dihydro-1~{H}-indene-5-carboxamide","GKB","-","-","out","in"
"DDR1","DDR","TK","6fin","A","A","Human","3-[(3-cyclopropyl-1,2,4-oxadiazol-5-yl)methyl]-8-(1~{H}-indazol-5-ylcarbonyl)-1-phenyl-1,3,8-triazaspiro[4.5]decan-4-one","DJQ","-","-","out","in"
"DDR1","DDR","TK","5sax","A","A","Human","2-{3-[(pyridin-3-yl)ethynyl]phenyl}-N-[3-(trifluoromethyl)phenyl]acetamide","1IM","-","-","out","in"
"DDR1","DDR","TK","6fil","A","B","Human","2-[8-(2~{H}-indazol-5-ylcarbonyl)-4-oxidanylidene-1-phenyl-1,3,8-triazaspiro[4.5]decan-3-yl]-~{N}-methyl-ethanamide","D6W","-","-","out","in"
"DDR1","DDR","TK","5sax","A","B","Human","2-{3-[(pyridin-3-yl)ethynyl]phenyl}-N-[3-(trifluoromethyl)phenyl]acetamide","1IM","-","-","out","in"
"DDR1","DDR","TK","7feh","A","A","Human","N-[(5-chloranyl-2-ethylsulfonyl-phenyl)methyl]-3-piperazin-1-yl-5-(trifluoromethyloxy)benzamide","3UI","-","-","out","in"
"DDR1","DDR","TK","6gwr","A","A","Human","3-(2-imidazo[1,2-a]pyrazin-3-ylethynyl)-~{N}-[3-[(4-methylpiperazin-1-yl)methyl]-5-(trifluoromethyl)phenyl]-4-propan-2-yl-benzamide","FEW","-","-","out","in"
"DDR1","DDR","TK","6fex","A","A","Human","2-[4-bromanyl-2-oxidanylidene-1'-(1~{H}-pyrazolo[4,3-b]pyridin-5-ylcarbonyl)spiro[indole-3,4'-piperidine]-1-yl]-~{N}-[2,2,2-tris(fluoranyl)ethyl]ethanamide","D6Z","-","-","out","in"
"DDR1","DDR","TK","6few","A","A","Human","2-[8-(2~{H}-indazol-5-ylcarbonyl)-4-oxidanylidene-1-phenyl-1,3,8-triazaspiro[4.5]decan-3-yl]-~{N}-methyl-ethanamide","D6W","-","-","out","in"
"DDR1","DDR","TK","3zos","A","B","Human","3-(imidazo[1,2-b]pyridazin-3-ylethynyl)-4-methyl-N-{4-[(4-methylpiperazin-1-yl)methyl]-3-(trifluoromethyl)phenyl}benzamide","0LI","3-(imidazo[1,2-b]pyridazin-3-ylethynyl)-4-methyl-N-{4-[(4-methylpiperazin-1-yl)methyl]-3-(trifluoromethyl)phenyl}benzamide","0LI","out","in"
"DDR1","DDR","TK","4ckr","A","B","Human","4-[(4-ethylpiperazin-1-yl)methyl]-n-{4-methyl-3-[(2-oxo-2,3-dihydro-1h-indol-5-yl)oxy]phenyl}-3-(trifluoromethyl)benzamide","DI1","-","-","out","in"
"MAP3K7 (TAK1)","MLK","TKL","2yiy","A","-","Human","(1E)-1-[5-TERT-BUTYL-2-(3-FLUOROPHENYL)-1H-PYRAZOL-3-YLIDENE]-3-(4-PYRIDIN-3-YLOXYPHENYL)UREA","YIY","-","-","out","in"
"MAP3K7 (TAK1)","MLK","TKL","4o91","A","-","Human","N-{4-[(4-ethylpiperazin-1-yl)methyl]-3-(trifluoromethyl)phenyl}-4-methyl-3-(1H-pyrrolo[2,3-b]pyridin-4-yloxy)benzamide","NG2","-","-","out","in"
"ULK3","ULK","Other","6fdz","U","-","Human","Momelotinib","C87","-","-","out","out"
"CAMKK1 (CaMKK1)","CAMKK","Other","6cd6","A","A","Human","2-cyclopentyl-4-(5-phenyl-1H-pyrrolo[2,3-b]pyridin-3-yl)benzoic acid","DXV","-","-","out","in"
"CAMKK1 (CaMKK1)","CAMKK","Other","6cd6","C","B","Human","2-cyclopentyl-4-(5-phenyl-1H-pyrrolo[2,3-b]pyridin-3-yl)benzoic acid","DXV","-","-","out","in"
"CAMKK1 (CaMKK1)","CAMKK","Other","6cd6","B","B","Human","2-cyclopentyl-4-(5-phenyl-1H-pyrrolo[2,3-b]pyridin-3-yl)benzoic acid","DXV","-","-","out","in"
"CAMKK1 (CaMKK1)","CAMKK","Other","6cd6","C","A","Human","2-cyclopentyl-4-(5-phenyl-1H-pyrrolo[2,3-b]pyridin-3-yl)benzoic acid","DXV","-","-","out","in"
"CAMKK1 (CaMKK1)","CAMKK","Other","6ccf","B","-","Human","N-[2-OXO-3-((E)-PHENYL{[4-(PIPERIDIN-1-YLMETHYL)PHENYL]IMINO}METHYL)-2,6-DIHYDRO-1H-INDOL-5-YL]ETHANESULFONAMIDE","H1N","-","-","out","out"
"CAMKK1 (CaMKK1)","CAMKK","Other","6cd6","A","B","Human","2-cyclopentyl-4-(5-phenyl-1H-pyrrolo[2,3-b]pyridin-3-yl)benzoic acid","DXV","-","-","out","in"
"CAMKK1 (CaMKK1)","CAMKK","Other","6cd6","B","A","Human","2-cyclopentyl-4-(5-phenyl-1H-pyrrolo[2,3-b]pyridin-3-yl)benzoic acid","DXV","-","-","out","in"
"ABL1","Abl","TK","2hz0","B","B","Human","2-{[(6-OXO-1,6-DIHYDROPYRIDIN-3-YL)METHYL]AMINO}-N-[4-PROPYL-3-(TRIFLUOROMETHYL)PHENYL]BENZAMIDE","GIN","-","-","out","in"
"ABL1","Abl","TK","3cs9","B","B","Human","Nilotinib","NIL","-","-","out","in"
"ABL1","Abl","TK","2hz0","A","B","Human","2-{[(6-OXO-1,6-DIHYDROPYRIDIN-3-YL)METHYL]AMINO}-N-[4-PROPYL-3-(TRIFLUOROMETHYL)PHENYL]BENZAMIDE","GIN","-","-","out","in"
"ABL1","Abl","TK","6npv","B","A","Human","4-(4-METHYL-PIPERAZIN-1-YLMETHYL)-N-[4-METHYL-3-(4-PYRIDIN-3-YL-PYRIMIDIN-2-YLAMINO)-PHENYL]-BENZAMIDE","STI","~{N}-[(4~{S})-2-(3,4-dichlorophenyl)-4-(2-hydroxyethyl)-3,4-dihydropyrazol-5-yl]pyridine-4-carboxamide","KWP","out","in"
"ABL1","Abl","TK","2hyy","C","-","Human","4-(4-METHYL-PIPERAZIN-1-YLMETHYL)-N-[4-METHYL-3-(4-PYRIDIN-3-YL-PYRIMIDIN-2-YLAMINO)-PHENYL]-BENZAMIDE","STI","-","-","out","in"
"ABL1","Abl","TK","6npv","A","A","Human","4-(4-METHYL-PIPERAZIN-1-YLMETHYL)-N-[4-METHYL-3-(4-PYRIDIN-3-YL-PYRIMIDIN-2-YLAMINO)-PHENYL]-BENZAMIDE","STI","~{N}-[(4~{S})-2-(3,4-dichlorophenyl)-4-(2-hydroxyethyl)-3,4-dihydropyrazol-5-yl]pyridine-4-carboxamide","KWP","out","in"
"ABL1","Abl","TK","3pyy","B","B","Human","4-(4-METHYL-PIPERAZIN-1-YLMETHYL)-N-[4-METHYL-3-(4-PYRIDIN-3-YL-PYRIMIDIN-2-YLAMINO)-PHENYL]-BENZAMIDE","STI","(5R)-5-[3-(4-fluorophenyl)-1-phenyl-1H-pyrazol-4-yl]imidazolidine-2,4-dione","3YY","out","in"
"ABL1","Abl","TK","3pyy","A","B","Human","4-(4-METHYL-PIPERAZIN-1-YLMETHYL)-N-[4-METHYL-3-(4-PYRIDIN-3-YL-PYRIMIDIN-2-YLAMINO)-PHENYL]-BENZAMIDE","STI","(5R)-5-[3-(4-fluorophenyl)-1-phenyl-1H-pyrazol-4-yl]imidazolidine-2,4-dione","3YY","out","in"
"ABL1","Abl","TK","3qrk","A","-","Human","(3S)-6-(3-tert-butyl-5-{[(2,3-dichlorophenyl)carbamoyl]amino}-1H-pyrazol-1-yl)-1,2,3,4-tetrahydroisoquinoline-3-carboxylic acid","9DP","-","-","out","in"
"ABL1","Abl","TK","6npe","B","A","Human","4-(4-METHYL-PIPERAZIN-1-YLMETHYL)-N-[4-METHYL-3-(4-PYRIDIN-3-YL-PYRIMIDIN-2-YLAMINO)-PHENYL]-BENZAMIDE","STI","2-cyano-~{N}-[4-(3,4-dichlorophenyl)-1,3-thiazol-2-yl]ethanamide","KWD","out","in"
"ABL1","Abl","TK","3qri","B","A","Human","4-[4-({[3-tert-butyl-1-(quinolin-6-yl)-1H-pyrazol-5-yl]carbamoyl}amino)-3-fluorophenoxy]-N-methylpyridine-2-carboxamide","919","-","-","out","in"
"ABL1","Abl","TK","2hyy","B","-","Human","4-(4-METHYL-PIPERAZIN-1-YLMETHYL)-N-[4-METHYL-3-(4-PYRIDIN-3-YL-PYRIMIDIN-2-YLAMINO)-PHENYL]-BENZAMIDE","STI","-","-","out","in"
"ABL1","Abl","TK","6npv","B","B","Human","4-(4-METHYL-PIPERAZIN-1-YLMETHYL)-N-[4-METHYL-3-(4-PYRIDIN-3-YL-PYRIMIDIN-2-YLAMINO)-PHENYL]-BENZAMIDE","STI","~{N}-[(4~{S})-2-(3,4-dichlorophenyl)-4-(2-hydroxyethyl)-3,4-dihydropyrazol-5-yl]pyridine-4-carboxamide","KWP","out","in"
"ABL1","Abl","TK","3qri","A","A","Human","4-[4-({[3-tert-butyl-1-(quinolin-6-yl)-1H-pyrazol-5-yl]carbamoyl}amino)-3-fluorophenoxy]-N-methylpyridine-2-carboxamide","919","-","-","out","in"
"ABL1","Abl","TK","2hiw","A","-","Human","7-AMINO-1-METHYL-3-(2-METHYL-5-{[3-(TRIFLUOROMETHYL)BENZOYL]AMINO}PHENYL)-2-OXO-2,3-DIHYDROPYRIMIDO[4,5-D]PYRIMIDIN-1-IUM","7MP","-","-","out","in"
"ABL1","Abl","TK","6npe","B","B","Human","4-(4-METHYL-PIPERAZIN-1-YLMETHYL)-N-[4-METHYL-3-(4-PYRIDIN-3-YL-PYRIMIDIN-2-YLAMINO)-PHENYL]-BENZAMIDE","STI","2-cyano-~{N}-[4-(3,4-dichlorophenyl)-1,3-thiazol-2-yl]ethanamide","KWD","out","in"
"ABL1","Abl","TK","3qrj","B","A","Human","4-[4-({[3-tert-butyl-1-(quinolin-6-yl)-1H-pyrazol-5-yl]carbamoyl}amino)-3-fluorophenoxy]-N-methylpyridine-2-carboxamide","919","-","-","out","in"
"ABL1","Abl","TK","3cs9","C","A","Human","Nilotinib","NIL","-","-","out","in"
"ABL1","Abl","TK","2hyy","A","-","Human","4-(4-METHYL-PIPERAZIN-1-YLMETHYL)-N-[4-METHYL-3-(4-PYRIDIN-3-YL-PYRIMIDIN-2-YLAMINO)-PHENYL]-BENZAMIDE","STI","-","-","out","in"
"ABL1","Abl","TK","3pyy","B","A","Human","4-(4-METHYL-PIPERAZIN-1-YLMETHYL)-N-[4-METHYL-3-(4-PYRIDIN-3-YL-PYRIMIDIN-2-YLAMINO)-PHENYL]-BENZAMIDE","STI","(5R)-5-[3-(4-fluorophenyl)-1-phenyl-1H-pyrazol-4-yl]imidazolidine-2,4-dione","3YY","out","in"
"ABL1","Abl","TK","3cs9","C","B","Human","Nilotinib","NIL","-","-","out","in"
"ABL1","Abl","TK","3cs9","D","B","Human","Nilotinib","NIL","-","-","out","in"
"ABL1","Abl","TK","5hu9","A","B","Human","4-[(4-methylpiperazin-1-yl)methyl]-N-(4-methyl-3-{[1-(pyridin-3-ylcarbonyl)piperidin-4-yl]oxy}phenyl)-3-(trifluoromethyl)benzamide","66K","4-[(4-methylpiperazin-1-yl)methyl]-N-(4-methyl-3-{[1-(pyridin-3-ylcarbonyl)piperidin-4-yl]oxy}phenyl)-3-(trifluoromethyl)benzamide","66K","out","in"
"ABL1","Abl","TK","2hz0","A","A","Human","2-{[(6-OXO-1,6-DIHYDROPYRIDIN-3-YL)METHYL]AMINO}-N-[4-PROPYL-3-(TRIFLUOROMETHYL)PHENYL]BENZAMIDE","GIN","-","-","out","in"
"ABL1","Abl","TK","3cs9","A","A","Human","Nilotinib","NIL","-","-","out","in"
"ABL1","Abl","TK","5hu9","A","A","Human","4-[(4-methylpiperazin-1-yl)methyl]-N-(4-methyl-3-{[1-(pyridin-3-ylcarbonyl)piperidin-4-yl]oxy}phenyl)-3-(trifluoromethyl)benzamide","66K","4-[(4-methylpiperazin-1-yl)methyl]-N-(4-methyl-3-{[1-(pyridin-3-ylcarbonyl)piperidin-4-yl]oxy}phenyl)-3-(trifluoromethyl)benzamide","66K","out","in"
"ABL1","Abl","TK","2e2b","A","-","Human","N-[3-(4,5'-BIPYRIMIDIN-2-YLAMINO)-4-METHYLPHENYL]-4-{[(3S)-3-(DIMETHYLAMINO)PYRROLIDIN-1-YL]METHYL}-3-(TRIFLUOROMETHYL)BENZAMIDE","406","-","-","out","in"
"ABL1","Abl","TK","6npu","B","-","Human","4-(4-METHYL-PIPERAZIN-1-YLMETHYL)-N-[4-METHYL-3-(4-PYRIDIN-3-YL-PYRIMIDIN-2-YLAMINO)-PHENYL]-BENZAMIDE","STI","~{N}-[2-(3,4-dichlorophenyl)-3,4-dihydropyrazol-5-yl]ethanamide","KWV","out","in"
"ABL1","Abl","TK","5mo4","A","A","Human","Nilotinib","NIL","asciminib","AY7","out","in"
"ABL1","Abl","TK","2hyy","D","-","Human","4-(4-METHYL-PIPERAZIN-1-YLMETHYL)-N-[4-METHYL-3-(4-PYRIDIN-3-YL-PYRIMIDIN-2-YLAMINO)-PHENYL]-BENZAMIDE","STI","-","-","out","in"
"ABL1","Abl","TK","3qrj","A","B","Human","4-[4-({[3-tert-butyl-1-(quinolin-6-yl)-1H-pyrazol-5-yl]carbamoyl}amino)-3-fluorophenoxy]-N-methylpyridine-2-carboxamide","919","-","-","out","in"
"ABL1","Abl","TK","3qrj","A","A","Human","4-[4-({[3-tert-butyl-1-(quinolin-6-yl)-1H-pyrazol-5-yl]carbamoyl}amino)-3-fluorophenoxy]-N-methylpyridine-2-carboxamide","919","-","-","out","in"
"ABL1","Abl","TK","6npe","A","B","Human","4-(4-METHYL-PIPERAZIN-1-YLMETHYL)-N-[4-METHYL-3-(4-PYRIDIN-3-YL-PYRIMIDIN-2-YLAMINO)-PHENYL]-BENZAMIDE","STI","2-cyano-~{N}-[4-(3,4-dichlorophenyl)-1,3-thiazol-2-yl]ethanamide","KWD","out","in"
"ABL1","Abl","TK","6npv","A","B","Human","4-(4-METHYL-PIPERAZIN-1-YLMETHYL)-N-[4-METHYL-3-(4-PYRIDIN-3-YL-PYRIMIDIN-2-YLAMINO)-PHENYL]-BENZAMIDE","STI","~{N}-[(4~{S})-2-(3,4-dichlorophenyl)-4-(2-hydroxyethyl)-3,4-dihydropyrazol-5-yl]pyridine-4-carboxamide","KWP","out","in"
"ABL1","Abl","TK","3qrj","B","B","Human","4-[4-({[3-tert-butyl-1-(quinolin-6-yl)-1H-pyrazol-5-yl]carbamoyl}amino)-3-fluorophenoxy]-N-methylpyridine-2-carboxamide","919","-","-","out","in"
"ABL1","Abl","TK","6npe","A","A","Human","4-(4-METHYL-PIPERAZIN-1-YLMETHYL)-N-[4-METHYL-3-(4-PYRIDIN-3-YL-PYRIMIDIN-2-YLAMINO)-PHENYL]-BENZAMIDE","STI","2-cyano-~{N}-[4-(3,4-dichlorophenyl)-1,3-thiazol-2-yl]ethanamide","KWD","out","in"
"ABL1","Abl","TK","3cs9","A","B","Human","Nilotinib","NIL","-","-","out","in"
"ABL1","Abl","TK","3cs9","B","A","Human","Nilotinib","NIL","-","-","out","in"
"ABL1","Abl","TK","3qri","A","B","Human","4-[4-({[3-tert-butyl-1-(quinolin-6-yl)-1H-pyrazol-5-yl]carbamoyl}amino)-3-fluorophenoxy]-N-methylpyridine-2-carboxamide","919","-","-","out","in"
"ABL1","Abl","TK","3qri","B","B","Human","4-[4-({[3-tert-butyl-1-(quinolin-6-yl)-1H-pyrazol-5-yl]carbamoyl}amino)-3-fluorophenoxy]-N-methylpyridine-2-carboxamide","919","-","-","out","in"
"ABL1","Abl","TK","2hz0","B","A","Human","2-{[(6-OXO-1,6-DIHYDROPYRIDIN-3-YL)METHYL]AMINO}-N-[4-PROPYL-3-(TRIFLUOROMETHYL)PHENYL]BENZAMIDE","GIN","-","-","out","in"
"KDR","VEGFR","TK","3b8q","A","-","Human","N-(4-chlorophenyl)-6-[(6,7-dimethoxyquinolin-4-yl)oxy]naphthalene-1-carboxamide","900","-","-","out","in"
"KDR","VEGFR","TK","6xvk","A","-","Human","~{N}-(4,4-dimethyl-2-prop-1-ynyl-3,1-benzoxazin-6-yl)-2-[3-methoxy-5-(7-methoxyquinolin-4-yl)oxy-pyridin-2-yl]ethanamide","O3E","-","-","out","in"
"KDR","VEGFR","TK","3b8q","B","-","Human","N-(4-chlorophenyl)-6-[(6,7-dimethoxyquinolin-4-yl)oxy]naphthalene-1-carboxamide","900","-","-","out","in"
"KDR","VEGFR","TK","2rl5","A","-","Human","N-(4-CHLOROPHENYL)-7-[(6,7-DIMETHOXYQUINOLIN-4-YL)OXY]-2,3-DIHYDRO-1,4-BENZOXAZINE-4-CARBOXAMIDE","2RL","-","-","out","in"
"KDR","VEGFR","TK","3vo3","A","B","Human","N-[3-({2-[(cyclopropylcarbonyl)amino]imidazo[1,2-b]pyridazin-6-yl}oxy)phenyl]-1,3-dimethyl-1H-pyrazole-5-carboxamide","0KF","-","-","out","in"
"KDR","VEGFR","TK","3cpb","B","-","Human","N'-(6-aminopyridin-3-yl)-N-(2-cyclopentylethyl)-4-methyl-benzene-1,3-dicarboxamide","C92","-","-","out","in"
"KDR","VEGFR","TK","3efl","B","-","Human","N-(3,3-dimethyl-2,3-dihydro-1H-indol-6-yl)-2-[(pyridin-4-ylmethyl)amino]pyridine-3-carboxamide","706","-","-","out","in"
"KDR","VEGFR","TK","5ew3","B","-","Human","2-(pyridin-4-ylmethylamino)-~{N}-[3-(trifluoromethyl)phenyl]benzamide","5T2","-","-","out","in"
"KDR","VEGFR","TK","3vhe","A","-","Human","1-{2-fluoro-4-[(5-methyl-5H-pyrrolo[3,2-d]pyrimidin-4-yl)oxy]phenyl}-3-[3-(trifluoromethyl)phenyl]urea","42Q","-","-","out","in"
"KDR","VEGFR","TK","4agd","A","-","Human","N-[2-(diethylamino)ethyl]-5-[(Z)-(5-fluoro-2-oxo-1,2-dihydro-3H-indol-3-ylidene)methyl]-2,4-dimethyl-1H-pyrrole-3-carboxamide","B49","-","-","out","in"
"KDR","VEGFR","TK","2p2i","A","-","Human","N-(4-phenoxyphenyl)-2-[(pyridin-4-ylmethyl)amino]nicotinamide","608","-","-","out","in"
"KDR","VEGFR","TK","3vhk","A","-","Human","{3-[(5-methyl-2-phenyl-1,3-oxazol-4-yl)methoxy]phenyl}methanol","BPK","-","-","out","in"
"KDR","VEGFR","TK","3ewh","A","-","Human","N-[4-({3-[2-(methylamino)pyrimidin-4-yl]pyridin-2-yl}oxy)naphthalen-1-yl]-6-(trifluoromethyl)-1H-benzimidazol-2-amine","K11","-","-","out","in"
"KDR","VEGFR","TK","3u6j","A","-","Human","N-{4-[(6,7-dimethoxyquinolin-4-yl)oxy]-3-fluorophenyl}-1,5-dimethyl-3-oxo-2-phenyl-2,3-dihydro-1H-pyrazole-4-carboxamide","03X","-","-","out","in"
"KDR","VEGFR","TK","3cpb","A","-","Human","N'-(6-aminopyridin-3-yl)-N-(2-cyclopentylethyl)-4-methyl-benzene-1,3-dicarboxamide","C92","-","-","out","in"
"KDR","VEGFR","TK","6gqp","A","B","Human","~{N}-[4-(6,7-dimethoxyquinazolin-4-yl)oxyphenyl]-2-(1-ethylpyrazol-4-yl)ethanamide","F88","-","-","out","in"
"KDR","VEGFR","TK","3dtw","B","-","Human","6-chloro-N-pyrimidin-5-yl-3-{[3-(trifluoromethyl)phenyl]amino}-1,2-benzisoxazole-7-carboxamide","A96","-","-","out","in"
"KDR","VEGFR","TK","3be2","A","-","Human","N-{3-[3-(DIMETHYLAMINO)PROPYL]-5-(TRIFLUOROMETHYL)PHENYL}-4-METHYL-3-[(3-PYRIMIDIN-4-YLPYRIDIN-2-YL)AMINO]BENZAMIDE","RAJ","-","-","out","in"
"KDR","VEGFR","TK","3vnt","A","B","Human","2-chloro-3-(1-cyanocyclopropyl)-N-[5-({2-[(cyclopropylcarbonyl)amino][1,3]thiazolo[5,4-b]pyridin-5-yl}oxy)-2-fluorophenyl]benzamide","0JA","-","-","out","in"
"KDR","VEGFR","TK","3efl","A","-","Human","N-(3,3-dimethyl-2,3-dihydro-1H-indol-6-yl)-2-[(pyridin-4-ylmethyl)amino]pyridine-3-carboxamide","706","-","-","out","in"
"KDR","VEGFR","TK","6gqq","A","A","Human","~{N}-[4-(6,7-dimethoxyquinazolin-4-yl)oxyphenyl]-2-(4-propan-2-yl-1,2,3-triazol-1-yl)ethanamide","F8B","-","-","out","in"
"KDR","VEGFR","TK","4asd","A","-","Human","4-{4-[({[4-CHLORO-3-(TRIFLUOROMETHYL)PHENYL]AMINO}CARBONYL)AMINO]PHENOXY}-N-METHYLPYRIDINE-2-CARBOXAMIDE","BAX","-","-","out","in"
"KDR","VEGFR","TK","2qu6","A","-","Human","4-({2-[(4-chloro-3-{[(2S)-1-methylpyrrolidin-2-yl]methoxy}phenyl)amino]-1,3-benzoxazol-5-yl}oxy)-N-methylpyridine-2-carboxamide","857","-","-","out","in"
"KDR","VEGFR","TK","6gqq","A","B","Human","~{N}-[4-(6,7-dimethoxyquinazolin-4-yl)oxyphenyl]-2-(4-propan-2-yl-1,2,3-triazol-1-yl)ethanamide","F8B","-","-","out","in"
"KDR","VEGFR","TK","3cp9","B","-","Human","3-(2-aminoquinazolin-6-yl)-1-(3,3-dimethylindolin-6-yl)-4-methylpyridin-2(1H)-one","C19","-","-","out","in"
"KDR","VEGFR","TK","3vo3","A","A","Human","N-[3-({2-[(cyclopropylcarbonyl)amino]imidazo[1,2-b]pyridazin-6-yl}oxy)phenyl]-1,3-dimethyl-1H-pyrazole-5-carboxamide","0KF","-","-","out","in"
"KDR","VEGFR","TK","4ase","A","-","Human","TIVOZANIB","AV9","-","-","out","in"
"KDR","VEGFR","TK","2oh4","A","B","Human","METHYL (5-{4-[({[2-FLUORO-5-(TRIFLUOROMETHYL)PHENYL]AMINO}CARBONYL)AMINO]PHENOXY}-1H-BENZIMIDAZOL-2-YL)CARBAMATE","GIG","-","-","out","in"
"KDR","VEGFR","TK","3dtw","A","-","Human","6-chloro-N-pyrimidin-5-yl-3-{[3-(trifluoromethyl)phenyl]amino}-1,2-benzisoxazole-7-carboxamide","A96","-","-","out","in"
"KDR","VEGFR","TK","2oh4","A","A","Human","METHYL (5-{4-[({[2-FLUORO-5-(TRIFLUOROMETHYL)PHENYL]AMINO}CARBONYL)AMINO]PHENOXY}-1H-BENZIMIDAZOL-2-YL)CARBAMATE","GIG","-","-","out","in"
"KDR","VEGFR","TK","2p2i","B","-","Human","N-(4-phenoxyphenyl)-2-[(pyridin-4-ylmethyl)amino]nicotinamide","608","-","-","out","in"
"KDR","VEGFR","TK","2xir","A","-","Human","N,2-DIMETHYL-6-{[7-(2-MORPHOLIN-4-YLETHOXY)QUINOLIN-4-YL]OXY}-1-BENZOFURAN-3-CARBOXAMIDE","00J","-","-","out","in"
"KDR","VEGFR","TK","6gqp","A","A","Human","~{N}-[4-(6,7-dimethoxyquinazolin-4-yl)oxyphenyl]-2-(1-ethylpyrazol-4-yl)ethanamide","F88","-","-","out","in"
"KDR","VEGFR","TK","3cpc","A","-","Human","3-(2-aminoquinazolin-6-yl)-4-methyl-1-[3-(trifluoromethyl)phenyl]pyridin-2(1H)-one","C52","-","-","out","in"
"KDR","VEGFR","TK","3wze","A","A","Human","4-{4-[({[4-CHLORO-3-(TRIFLUOROMETHYL)PHENYL]AMINO}CARBONYL)AMINO]PHENOXY}-N-METHYLPYRIDINE-2-CARBOXAMIDE","BAX","-","-","out","in"
"KDR","VEGFR","TK","2qu6","B","-","Human","4-({2-[(4-chloro-3-{[(2S)-1-methylpyrrolidin-2-yl]methoxy}phenyl)amino]-1,3-benzoxazol-5-yl}oxy)-N-methylpyridine-2-carboxamide","857","-","-","out","in"
"KDR","VEGFR","TK","3wze","A","B","Human","4-{4-[({[4-CHLORO-3-(TRIFLUOROMETHYL)PHENYL]AMINO}CARBONYL)AMINO]PHENOXY}-N-METHYLPYRIDINE-2-CARBOXAMIDE","BAX","-","-","out","in"
"KDR","VEGFR","TK","3cpc","B","-","Human","3-(2-aminoquinazolin-6-yl)-4-methyl-1-[3-(trifluoromethyl)phenyl]pyridin-2(1H)-one","C52","-","-","out","in"
"KDR","VEGFR","TK","4ag8","A","-","Human","AXITINIB","AXI","-","-","out","in"
"KDR","VEGFR","TK","3cp9","A","-","Human","3-(2-aminoquinazolin-6-yl)-1-(3,3-dimethylindolin-6-yl)-4-methylpyridin-2(1H)-one","C19","-","-","out","in"
"KDR","VEGFR","TK","2qu5","A","-","Human","4-[[2-[[4-chloro-3-(trifluoromethyl)phenyl]amino]-3H-benzimidazol-5-yl]oxy]-N-methyl-pyridine-2-carboxamide","276","-","-","out","in"
"KDR","VEGFR","TK","6gqo","A","A","Human","2-[4-(6,7-dimethoxyquinazolin-4-yl)oxy-2-methoxy-phenyl]-~{N}-(1-propan-2-ylpyrazol-4-yl)ethanamide","F82","-","-","out","in"
"JAK2","JakA","TK","7rn6","A","B","Human","5-{[6-(acetylamino)pyrimidin-4-yl]oxy}-N-{4-[(4-methylpiperazin-1-yl)methyl]-3-(trifluoromethyl)phenyl}-2,3-dihydro-1H-indole-1-carboxamide","046","-","-","out","in"
"JAK2","JakA","TK","3ugc","A","B","Human","5-{[6-(acetylamino)pyrimidin-4-yl]oxy}-N-{4-[(4-methylpiperazin-1-yl)methyl]-3-(trifluoromethyl)phenyl}-2,3-dihydro-1H-indole-1-carboxamide","046","-","-","out","in"
"JAK2","JakA","TK","3ugc","A","A","Human","5-{[6-(acetylamino)pyrimidin-4-yl]oxy}-N-{4-[(4-methylpiperazin-1-yl)methyl]-3-(trifluoromethyl)phenyl}-2,3-dihydro-1H-indole-1-carboxamide","046","-","-","out","in"
"JAK2","JakA","TK","7rn6","A","A","Human","5-{[6-(acetylamino)pyrimidin-4-yl]oxy}-N-{4-[(4-methylpiperazin-1-yl)methyl]-3-(trifluoromethyl)phenyl}-2,3-dihydro-1H-indole-1-carboxamide","046","-","-","out","in"
"SYK","Syk","TK","3tud","A","-","Human","N-{4-methyl-3-[8-methyl-7-oxo-2-(phenylamino)-7,8-dihydropyrido[2,3-d]pyrimidin-6-yl]phenyl}-3-(trifluoromethyl)benzamide","FPX","-","-","out","out"
"SYK","Syk","TK","3tub","A","-","Human","1-{5-[(6,7-dimethoxyquinolin-4-yl)oxy]pyridin-2-yl}-3-[(1R,2S)-2-phenylcyclopropyl]urea","FPU","-","-","out","in"
"SRC","Src","TK","7ote","A","-","Human","3-(imidazo[1,2-b]pyridazin-3-ylethynyl)-4-methyl-N-{4-[(4-methylpiperazin-1-yl)methyl]-3-(trifluoromethyl)phenyl}benzamide","0LI","-","-","out","in"
"PHKG1 (PHKg1)","PHK","CAMK","8jfl","B","-","Human","-","-","FARNESYL","FAR","out","out"
"FGFR1","FGFR","TK","4v01","A","A","Human","3-(imidazo[1,2-b]pyridazin-3-ylethynyl)-4-methyl-N-{4-[(4-methylpiperazin-1-yl)methyl]-3-(trifluoromethyl)phenyl}benzamide","0LI","-","-","out","in"
"FGFR1","FGFR","TK","4v01","A","B","Human","3-(imidazo[1,2-b]pyridazin-3-ylethynyl)-4-methyl-N-{4-[(4-methylpiperazin-1-yl)methyl]-3-(trifluoromethyl)phenyl}benzamide","0LI","-","-","out","in"
"FGFR1","FGFR","TK","4v04","A","A","Human","3-(imidazo[1,2-b]pyridazin-3-ylethynyl)-4-methyl-N-{4-[(4-methylpiperazin-1-yl)methyl]-3-(trifluoromethyl)phenyl}benzamide","0LI","-","-","out","in"
"FGFR1","FGFR","TK","4v01","B","A","Human","3-(imidazo[1,2-b]pyridazin-3-ylethynyl)-4-methyl-N-{4-[(4-methylpiperazin-1-yl)methyl]-3-(trifluoromethyl)phenyl}benzamide","0LI","-","-","out","in"
"FGFR1","FGFR","TK","4v04","B","A","Human","3-(imidazo[1,2-b]pyridazin-3-ylethynyl)-4-methyl-N-{4-[(4-methylpiperazin-1-yl)methyl]-3-(trifluoromethyl)phenyl}benzamide","0LI","-","-","out","in"
"FGFR1","FGFR","TK","4v01","B","B","Human","3-(imidazo[1,2-b]pyridazin-3-ylethynyl)-4-methyl-N-{4-[(4-methylpiperazin-1-yl)methyl]-3-(trifluoromethyl)phenyl}benzamide","0LI","-","-","out","in"
"EIF2AK4 (GCN2)","PEK","Other","6n3l","A","A","Human","N-{6-[(1-methyl-2-{[4-(trifluoromethyl)phenyl]amino}-1H-benzimidazol-5-yl)oxy]pyrimidin-4-yl}cyclopropanecarboxamide","KAV","-","-","out","in"
"EIF2AK4 (GCN2)","PEK","Other","7qwk","A","-","Human","(2~{S})-~{N}-[(1~{S})-1-[4-[(6-pyridin-4-ylquinazolin-2-yl)amino]phenyl]ethyl]piperidine-2-carboxamide","G41","-","-","out","in"
"EIF2AK4 (GCN2)","PEK","Other","6n3l","B","A","Human","N-{6-[(1-methyl-2-{[4-(trifluoromethyl)phenyl]amino}-1H-benzimidazol-5-yl)oxy]pyrimidin-4-yl}cyclopropanecarboxamide","KAV","-","-","out","in"
"EIF2AK4 (GCN2)","PEK","Other","6n3l","B","B","Human","N-{6-[(1-methyl-2-{[4-(trifluoromethyl)phenyl]amino}-1H-benzimidazol-5-yl)oxy]pyrimidin-4-yl}cyclopropanecarboxamide","KAV","-","-","out","in"
"MAPK14 (p38a)","MAPK","CMGC","3nnv","A","A","Human","1-{3-tert-butyl-1-[4-(hydroxymethyl)phenyl]-1H-pyrazol-5-yl}-3-naphthalen-1-ylurea","437","-","-","out","in"
"MAPK14 (p38a)","MAPK","CMGC","6qdz","A","B","Human","1-[5-~{tert}-butyl-2-(4-methylphenyl)pyrazol-3-yl]-3-[(1~{S},4~{S})-4-[(3-propan-2-yl-[1,2,4]triazolo[4,3-a]pyridin-6-yl)oxy]-1,2,3,4-tetrahydronaphthalen-1-yl]urea","HYK","2-fluoro-4-[4-(4-fluorophenyl)-1H-pyrazol-3-yl]pyridine","I46","out","in"
"MAPK14 (p38a)","MAPK","CMGC","3k3j","A","-","Human","2-(4-fluorophenyl)-3-oxo-6-pyridin-4-yl-N-[2-(trifluoromethyl)benzyl]-2,3-dihydropyridazine-4-carboxamide","F4C","2-fluoro-4-[4-(4-fluorophenyl)-1H-pyrazol-3-yl]pyridine","I46","out","in"
"MAPK14 (p38a)","MAPK","CMGC","6sfj","A","C","Human","~{N}-[5-[[(2~{S})-1-azanyl-4-cyclohexyl-1-oxidanylidene-butan-2-yl]carbamoyl]-2-methyl-phenyl]-1-(2-methylphenyl)pyrazole-4-carboxamide","LBB","-","-","out","in"
"MAPK14 (p38a)","MAPK","CMGC","3huc","A","A","Human","N-[2-phenyl-4-(1H-pyrazol-3-ylamino)quinazolin-7-yl]prop-2-enamide","G97","-","-","out","in"
"MAPK14 (p38a)","MAPK","CMGC","1wbt","A","-","Human","3-FLUORO-5-MORPHOLIN-4-YL-N-[1-(2-PYRIDIN-4-YLETHYL)-1H-INDOL-6-YL]BENZAMIDE","WBT","-","-","out","in"
"MAPK14 (p38a)","MAPK","CMGC","3k3i","A","B","Human","(3S)-3-[4-(4-bromophenyl)-1H-imidazol-2-yl]-1,2,3,4-tetrahydroisoquinoline","JZJ","2-fluoro-4-[4-(4-fluorophenyl)-1H-pyrazol-3-yl]pyridine","I46","out","in"
"MAPK14 (p38a)","MAPK","CMGC","3nnw","A","B","Human","2-[3-(3-tert-butyl-5-{[(2,3-dichlorophenyl)carbamoyl]imino}-2,5-dihydro-1H-pyrazol-1-yl)phenyl]acetamide","EDD","-","-","out","in"
"MAPK14 (p38a)","MAPK","CMGC","3heg","A","A","Human","4-{4-[({[4-CHLORO-3-(TRIFLUOROMETHYL)PHENYL]AMINO}CARBONYL)AMINO]PHENOXY}-N-METHYLPYRIDINE-2-CARBOXAMIDE","BAX","-","-","out","in"
"MAPK14 (p38a)","MAPK","CMGC","6sfo","A","B","Human","5-azanyl-~{N}-[[4-(3-cyclohexylpropylcarbamoyl)phenyl]methyl]-1-phenyl-pyrazole-4-carboxamide","LBE","-","-","out","in"
"MAPK14 (p38a)","MAPK","CMGC","1w83","A","-","Human","N-[4-CHLORO-3-(PYRIDIN-3-YLOXYMETHYL)-PHENYL]-3-FLUORO-","L11","-","-","out","in"
"MAPK14 (p38a)","MAPK","CMGC","3lfb","A","B","Human","1-[3-tert-butyl-1-(4-methylphenyl)-1H-pyrazol-5-yl]-3-(1,3-thiazol-2-yl)urea","Z87","-","-","out","in"
"MAPK14 (p38a)","MAPK","CMGC","3kq7","A","A","Human","N-(2-methyl-5-{[(2-morpholin-4-ylpyridin-4-yl)carbonyl]amino}phenyl)-6-({2-[(2S)-1-methylpyrrolidin-2-yl]ethyl}amino)pyridine-3-carboxamide","KQ7","-","-","out","in"
"MAPK14 (p38a)","MAPK","CMGC","6sfk","A","B","Human","~{N}-[5-[[(2~{S})-1-azanyl-4-cyclohexyl-1-oxidanylidene-butan-2-yl]carbamoyl]-2-methyl-phenyl]-1-phenyl-5-(trifluoromethyl)pyrazole-4-carboxamide","LB8","-","-","out","in"
"MAPK14 (p38a)","MAPK","CMGC","3lff","A","B","Human","(4-{3-tert-butyl-5-[(1,3-thiazol-2-ylcarbamoyl)amino]-1H-pyrazol-1-yl}phenyl)acetic acid","Z83","-","-","out","in"
"MAPK14 (p38a)","MAPK","CMGC","3lfe","A","-","Human","1-[3-tert-butyl-1-(4-methylphenyl)-1H-pyrazol-5-yl]-3-{4-[2-(pyridin-4-ylmethoxy)ethyl]-1,3-thiazol-2-yl}urea","Z84","-","-","out","in"
"MAPK14 (p38a)","MAPK","CMGC","6qdz","A","A","Human","1-[5-~{tert}-butyl-2-(4-methylphenyl)pyrazol-3-yl]-3-[(1~{S},4~{S})-4-[(3-propan-2-yl-[1,2,4]triazolo[4,3-a]pyridin-6-yl)oxy]-1,2,3,4-tetrahydronaphthalen-1-yl]urea","HYK","2-fluoro-4-[4-(4-fluorophenyl)-1H-pyrazol-3-yl]pyridine","I46","out","in"
"MAPK14 (p38a)","MAPK","CMGC","5wjj","A","B","Human","N-{4-[2-(4-fluoro-3-methylphenyl)imidazo[1,2-b]pyridazin-3-yl]pyridin-2-yl}-2-methyl-1-oxo-1lambda~5~-pyridine-4-carboxamide","AQY","-","-","out","in"
"MAPK14 (p38a)","MAPK","CMGC","3huc","A","B","Human","N-[2-phenyl-4-(1H-pyrazol-3-ylamino)quinazolin-7-yl]prop-2-enamide","G97","-","-","out","in"
"MAPK14 (p38a)","MAPK","CMGC","6zwp","A","B","Human","5-azanyl-~{N}-[[4-[[(2~{S})-4-cyclohexyl-1-[(4-fluorophenyl)amino]-1-oxidanylidene-butan-2-yl]carbamoyl]phenyl]methyl]-1-phenyl-pyrazole-4-carboxamide","OE8","-","-","out","in"
"MAPK14 (p38a)","MAPK","CMGC","3lfb","A","A","Human","1-[3-tert-butyl-1-(4-methylphenyl)-1H-pyrazol-5-yl]-3-(1,3-thiazol-2-yl)urea","Z87","-","-","out","in"
"MAPK14 (p38a)","MAPK","CMGC","3nnv","A","B","Human","1-{3-tert-butyl-1-[4-(hydroxymethyl)phenyl]-1H-pyrazol-5-yl}-3-naphthalen-1-ylurea","437","-","-","out","in"
"MAPK14 (p38a)","MAPK","CMGC","3zs5","A","B","Human","4-[5-(4-FLUORO-PHENYL)-2-(4-METHANESULFINYL-PHENYL)-3H-IMIDAZOL-4-YL]-PYRIDINE","SB2","-","-","out","in"
"MAPK14 (p38a)","MAPK","CMGC","3hv3","A","A","Human","1-{4-[(6-aminoquinolin-4-yl)amino]phenyl}-3-[3-tert-butyl-1-(3-methylphenyl)-1H-pyrazol-5-yl]urea","R49","-","-","out","in"
"MAPK14 (p38a)","MAPK","CMGC","6sfk","A","A","Human","~{N}-[5-[[(2~{S})-1-azanyl-4-cyclohexyl-1-oxidanylidene-butan-2-yl]carbamoyl]-2-methyl-phenyl]-1-phenyl-5-(trifluoromethyl)pyrazole-4-carboxamide","LB8","-","-","out","in"
"MAPK14 (p38a)","MAPK","CMGC","3hv4","B","-","Human","1-{3-[(6-aminoquinolin-4-yl)amino]phenyl}-3-[3-tert-butyl-1-(4-methylphenyl)-1H-pyrazol-5-yl]urea","L51","-","-","out","in"
"MAPK14 (p38a)","MAPK","CMGC","1wbn","A","-","Human","N-(3-TERT-BUTYL-1H-PYRAZOL-5-YL)-N'-{4-CHLORO-3-[(PYRIDIN-3-YLOXY)METHYL]PHENYL}UREA","L09","-","-","out","in"
"MAPK14 (p38a)","MAPK","CMGC","3gcp","A","A","Human","4-[5-(4-FLUORO-PHENYL)-2-(4-METHANESULFINYL-PHENYL)-3H-IMIDAZOL-4-YL]-PYRIDINE","SB2","-","-","out","in"
"MAPK14 (p38a)","MAPK","CMGC","3hv6","A","-","Human","1-[3-tert-butyl-1-(4-methylphenyl)-1H-pyrazol-5-yl]-3-[4-(2-morpholin-4-ylethoxy)phenyl]urea","R39","-","-","out","in"
"MAPK14 (p38a)","MAPK","CMGC","2yiw","A","-","Human","1-(3-tert-butyl-1-phenyl-1H-pyrazol-5-yl)-3-(2-{[3-(1-methylethyl)[1,2,4]triazolo[4,3-a]pyridin-6-yl]sulfanyl}benzyl)urea","YIW","2-fluoro-4-[4-(4-fluorophenyl)-1H-pyrazol-3-yl]pyridine","I46","out","in"
"MAPK14 (p38a)","MAPK","CMGC","6hwt","A","B","Human","3-(2,5-dimethoxyphenyl)-~{N}-[4-[4-(4-fluorophenyl)-2-(2-phenylhydrazinyl)-1,3-thiazol-5-yl]pyridin-2-yl]propanamide","GXH","-","-","out","in"
"MAPK14 (p38a)","MAPK","CMGC","3nnu","A","B","Human","2-{3-[(5E)-5-{[(2,3-dichlorophenyl)carbamoyl]imino}-3-thiophen-2-yl-2,5-dihydro-1H-pyrazol-1-yl]phenyl}acetamide","EDB","-","-","out","in"
"MAPK14 (p38a)","MAPK","CMGC","3gcq","A","B","Human","1-{4-[(6-aminoquinazolin-4-yl)amino]phenyl}-3-[3-tert-butyl-1-(3-methylphenyl)-1H-pyrazol-5-yl]urea","1BU","-","-","out","in"
"MAPK14 (p38a)","MAPK","CMGC","3e93","A","B","Human","4-methyl-N-(3-morpholin-4-ylphenyl)-3-(3-piperidin-4-yl-1,2-benzisoxazol-6-yl)benzamide","19B","-","-","out","in"
"MAPK14 (p38a)","MAPK","CMGC","3gcu","B","A","Human","1-{3-[(6-aminoquinazolin-4-yl)amino]phenyl}-3-[3-tert-butyl-1-(4-methylphenyl)-1H-pyrazol-5-yl]urea","R48","-","-","out","in"
"MAPK14 (p38a)","MAPK","CMGC","3zsg","A","B","Human","TAK-715","T75","-","-","out","in"
"MAPK14 (p38a)","MAPK","CMGC","6sfj","A","B","Human","~{N}-[5-[[(2~{S})-1-azanyl-4-cyclohexyl-1-oxidanylidene-butan-2-yl]carbamoyl]-2-methyl-phenyl]-1-(2-methylphenyl)pyrazole-4-carboxamide","LBB","-","-","out","in"
"MAPK14 (p38a)","MAPK","CMGC","3gcu","A","A","Human","1-{3-[(6-aminoquinazolin-4-yl)amino]phenyl}-3-[3-tert-butyl-1-(4-methylphenyl)-1H-pyrazol-5-yl]urea","R48","-","-","out","in"
"MAPK14 (p38a)","MAPK","CMGC","4a9y","A","-","Human","N-(3-{[7-METHOXY-6-(2-PYRROLIDIN-1-YLETHOXY)QUINAZOLIN-4-YL]AMINO}-4-METHYLPHENYL)-2-MORPHOLIN-4-YLISONICOTINAMIDE","AQZ","-","-","out","in"
"MAPK14 (p38a)","MAPK","CMGC","3d83","A","-","Human","N-{4'-[(cyclopropylmethyl)carbamoyl]-6-methylbiphenyl-3-yl}-2-morpholin-4-ylpyridine-4-carboxamide","GK6","-","-","out","in"
"MAPK14 (p38a)","MAPK","CMGC","6anl","A","A","Human","TAK-715","T75","-","-","out","in"
"MAPK14 (p38a)","MAPK","CMGC","6zwp","A","A","Human","5-azanyl-~{N}-[[4-[[(2~{S})-4-cyclohexyl-1-[(4-fluorophenyl)amino]-1-oxidanylidene-butan-2-yl]carbamoyl]phenyl]methyl]-1-phenyl-pyrazole-4-carboxamide","OE8","-","-","out","in"
"MAPK14 (p38a)","MAPK","CMGC","3uvr","A","A","Human","1-[3-tert-butyl-1-(4-methylphenyl)-1H-pyrazol-5-yl]-3-{3-[(5-oxo-6,7,8,9-tetrahydro-5H-benzo[7]annulen-2-yl)amino]phenyl}urea","06F","-","-","out","in"
"MAPK14 (p38a)","MAPK","CMGC","3kq7","A","B","Human","N-(2-methyl-5-{[(2-morpholin-4-ylpyridin-4-yl)carbonyl]amino}phenyl)-6-({2-[(2S)-1-methylpyrrolidin-2-yl]ethyl}amino)pyridine-3-carboxamide","KQ7","-","-","out","in"
"MAPK14 (p38a)","MAPK","CMGC","6qe1","A","-","Human","1-[5-~{tert}-butyl-2-(4-methylphenyl)pyrazol-3-yl]-3-[(1~{S},4~{R})-4-[(3-propan-2-yl-[1,2,4]triazolo[4,3-a]pyridin-6-yl)oxy]-1,2,3,4-tetrahydronaphthalen-1-yl]urea","HYW","2-fluoro-4-[4-(4-fluorophenyl)-1H-pyrazol-3-yl]pyridine","I46","out","in"
"MAPK14 (p38a)","MAPK","CMGC","3hv4","A","-","Human","1-{3-[(6-aminoquinolin-4-yl)amino]phenyl}-3-[3-tert-butyl-1-(4-methylphenyl)-1H-pyrazol-5-yl]urea","L51","-","-","out","in"
"MAPK14 (p38a)","MAPK","CMGC","3nnw","A","A","Human","2-[3-(3-tert-butyl-5-{[(2,3-dichlorophenyl)carbamoyl]imino}-2,5-dihydro-1H-pyrazol-1-yl)phenyl]acetamide","EDD","-","-","out","in"
"MAPK14 (p38a)","MAPK","CMGC","3hv3","A","B","Human","1-{4-[(6-aminoquinolin-4-yl)amino]phenyl}-3-[3-tert-butyl-1-(3-methylphenyl)-1H-pyrazol-5-yl]urea","R49","-","-","out","in"
"MAPK14 (p38a)","MAPK","CMGC","4aa0","A","A","Human","N-[4-methyl-3-[6-(4-methylpiperazin-1-yl)-4-oxidanylidene-quinazolin-3-yl]phenyl]-2-morpholin-4-yl-pyridine-4-carboxamide","AA0","-","-","out","in"
"MAPK14 (p38a)","MAPK","CMGC","3lfc","A","-","Human","(4-{5-[({4-[2-(benzyloxy)ethyl]-1,3-thiazol-2-yl}carbamoyl)amino]-3-tert-butyl-1H-pyrazol-1-yl}phenyl)acetic acid","Z86","-","-","out","in"
"MAPK14 (p38a)","MAPK","CMGC","3hv5","B","B","Human","1-[3-tert-butyl-1-(4-methylphenyl)-1H-pyrazol-5-yl]-3-{3-[(6-nitroquinolin-4-yl)amino]phenyl}urea","R24","-","-","out","in"
"MAPK14 (p38a)","MAPK","CMGC","3gi3","A","-","Human","N-{5-tert-butyl-2-methoxy-3-[({4-[6-(morpholin-4-ylmethyl)pyridin-3-yl]naphthalen-1-yl}carbamoyl)amino]phenyl}methanesulfonamide","B10","-","-","out","in"
"MAPK14 (p38a)","MAPK","CMGC","1kv1","A","-","Human","1-(5-TERT-BUTYL-2-METHYL-2H-PYRAZOL-3-YL)-3-(4-CHLORO-PHENYL)-UREA","BMU","-","-","out","in"
"MAPK14 (p38a)","MAPK","CMGC","3pg3","A","B","Human","1-[3-tert-butyl-1-(4-methylphenyl)-1H-pyrazol-5-yl]-3-{4-[2-(pyridin-3-ylmethoxy)ethyl]-1,3-thiazol-2-yl}urea","DG7","-","-","out","in"
"MAPK14 (p38a)","MAPK","CMGC","1wbs","A","-","Human","3-FLUORO-5-MORPHOLIN-4-YL-N-[3-(2-PYRIDIN-4-YLETHYL)-1H-INDOL-5-YL]BENZAMIDE","LI2","-","-","out","in"
"MAPK14 (p38a)","MAPK","CMGC","3nnx","A","-","Human","2-[3-(3-tert-butyl-5-{[(2,3-dichlorophenyl)carbamoyl]imino}-2,5-dihydro-1H-pyrazol-1-yl)phenyl]acetamide","EDD","-","-","out","in"
"MAPK14 (p38a)","MAPK","CMGC","4l8m","A","A","Human","N-[2-fluoro-5-({9-[2-(morpholin-4-yl)ethoxy]-11-oxo-6,11-dihydrodibenzo[b,e]oxepin-3-yl}amino)phenyl]benzamide","F46","-","-","out","in"
"MAPK14 (p38a)","MAPK","CMGC","2bak","A","-","Human","N-(3-{[7-METHOXY-6-(2-PYRROLIDIN-1-YLETHOXY)QUINAZOLIN-4-YL]AMINO}-4-METHYLPHENYL)-2-MORPHOLIN-4-YLISONICOTINAMIDE","AQZ","-","-","out","in"
"MAPK14 (p38a)","MAPK","CMGC","6sfi","A","B","Human","~{N}-[(2~{S})-1-azanyl-4-cyclohexyl-1-oxidanylidene-butan-2-yl]-2-[[[1-(2-methylphenyl)pyrazol-4-yl]carbonylamino]methyl]-1,3-thiazole-5-carboxamide","LB5","-","-","out","in"
"MAPK14 (p38a)","MAPK","CMGC","3hec","A","A","Human","4-(4-METHYL-PIPERAZIN-1-YLMETHYL)-N-[4-METHYL-3-(4-PYRIDIN-3-YL-PYRIMIDIN-2-YLAMINO)-PHENYL]-BENZAMIDE","STI","-","-","out","in"
"MAPK14 (p38a)","MAPK","CMGC","3lff","A","A","Human","(4-{3-tert-butyl-5-[(1,3-thiazol-2-ylcarbamoyl)amino]-1H-pyrazol-1-yl}phenyl)acetic acid","Z83","-","-","out","in"
"MAPK14 (p38a)","MAPK","CMGC","1w82","A","-","Human","N-[(3Z)-5-TERT-BUTYL-2-PHENYL-1,2-DIHYDRO-3H-PYRAZOL-3-YLIDENE]-N'-(4-CHLOROPHENYL)UREA","L10","-","-","out","in"
"MAPK14 (p38a)","MAPK","CMGC","3gcs","A","A","Human","4-{4-[({[4-CHLORO-3-(TRIFLUOROMETHYL)PHENYL]AMINO}CARBONYL)AMINO]PHENOXY}-N-METHYLPYRIDINE-2-CARBOXAMIDE","BAX","-","-","out","in"
"MAPK14 (p38a)","MAPK","CMGC","6sfo","A","A","Human","5-azanyl-~{N}-[[4-(3-cyclohexylpropylcarbamoyl)phenyl]methyl]-1-phenyl-pyrazole-4-carboxamide","LBE","-","-","out","in"
"MAPK14 (p38a)","MAPK","CMGC","4l8m","A","B","Human","N-[2-fluoro-5-({9-[2-(morpholin-4-yl)ethoxy]-11-oxo-6,11-dihydrodibenzo[b,e]oxepin-3-yl}amino)phenyl]benzamide","F46","-","-","out","in"
"MAPK14 (p38a)","MAPK","CMGC","3hv5","A","B","Human","1-[3-tert-butyl-1-(4-methylphenyl)-1H-pyrazol-5-yl]-3-{3-[(6-nitroquinolin-4-yl)amino]phenyl}urea","R24","-","-","out","in"
"MAPK14 (p38a)","MAPK","CMGC","3o8t","A","-","Human","1-(5-TERT-BUTYL-2-METHYL-2H-PYRAZOL-3-YL)-3-(4-CHLORO-PHENYL)-UREA","BMU","-","-","out","in"
"MAPK14 (p38a)","MAPK","CMGC","2yis","A","-","Human","1-[3-tert-butyl-1-(3-chloro-4-hydroxyphenyl)-1H-pyrazol-5-yl]-3-{2-[(3-{2-[(2-hydroxyethyl)sulfanyl]phenyl}[1,2,4]triazolo[4,3-a]pyridin-6-yl)sulfanyl]benzyl}urea","YIS","2-fluoro-4-[4-(4-fluorophenyl)-1H-pyrazol-3-yl]pyridine","I46","out","in"
"MAPK14 (p38a)","MAPK","CMGC","6hwt","A","A","Human","3-(2,5-dimethoxyphenyl)-~{N}-[4-[4-(4-fluorophenyl)-2-(2-phenylhydrazinyl)-1,3-thiazol-5-yl]pyridin-2-yl]propanamide","GXH","-","-","out","in"
"MAPK14 (p38a)","MAPK","CMGC","3l8s","A","-","Human","3-[(4-bromo-2,6-difluorobenzyl)oxy]-5-{[(4-pyrrolidin-1-ylbutyl)carbamoyl]amino}isothiazole-4-carboxamide","BFF","-","-","out","in"
"MAPK14 (p38a)","MAPK","CMGC","3o8u","A","-","Human","1-(5-TERT-BUTYL-2-METHYL-2H-PYRAZOL-3-YL)-3-(4-CHLORO-PHENYL)-UREA","BMU","-","-","out","in"
"MAPK14 (p38a)","MAPK","CMGC","3lfd","A","-","Human","1-{4-[2-(benzyloxy)ethyl]-1,3-thiazol-2-yl}-3-[3-tert-butyl-1-(4-methylphenyl)-1H-pyrazol-5-yl]urea","Z85","-","-","out","in"
"MAPK14 (p38a)","MAPK","CMGC","3gcv","A","B","Human","1-{3-[(6-aminoquinazolin-4-yl)amino]phenyl}-3-[3-tert-butyl-1-(3-methylphenyl)-1H-pyrazol-5-yl]urea","SS6","-","-","out","in"
"MAPK14 (p38a)","MAPK","CMGC","3zs5","A","A","Human","4-[5-(4-FLUORO-PHENYL)-2-(4-METHANESULFINYL-PHENYL)-3H-IMIDAZOL-4-YL]-PYRIDINE","SB2","-","-","out","in"
"MAPK14 (p38a)","MAPK","CMGC","1wbv","A","-","Human","3-FLUORO-N-1H-INDOL-5-YL-5-MORPHOLIN-4-YLBENZAMIDE","LI3","-","-","out","in"
"MAPK14 (p38a)","MAPK","CMGC","3nnu","A","A","Human","2-{3-[(5E)-5-{[(2,3-dichlorophenyl)carbamoyl]imino}-3-thiophen-2-yl-2,5-dihydro-1H-pyrazol-1-yl]phenyl}acetamide","EDB","-","-","out","in"
"MAPK14 (p38a)","MAPK","CMGC","3heg","A","B","Human","4-{4-[({[4-CHLORO-3-(TRIFLUOROMETHYL)PHENYL]AMINO}CARBONYL)AMINO]PHENOXY}-N-METHYLPYRIDINE-2-CARBOXAMIDE","BAX","-","-","out","in"
"MAPK14 (p38a)","MAPK","CMGC","5n66","A","-","Human","1-(5-TERT-BUTYL-2-P-TOLYL-2H-PYRAZOL-3-YL)-3-[4-(2-MORPHOLIN-4-YL-ETHOXY)-NAPHTHALEN-1-YL]-UREA","B96","~{N}4-[[4-(cyclopropylmethyl)furan-2-yl]methyl]-2-phenyl-quinazoline-4,7-diamine","BW1","out","in"
"MAPK14 (p38a)","MAPK","CMGC","3gcu","A","B","Human","1-{3-[(6-aminoquinazolin-4-yl)amino]phenyl}-3-[3-tert-butyl-1-(4-methylphenyl)-1H-pyrazol-5-yl]urea","R48","-","-","out","in"
"MAPK14 (p38a)","MAPK","CMGC","5ml5","A","-","Human","3-(2,5-dimethoxyphenyl)-~{N}-[4-[4-(4-fluorophenyl)-2-methylsulfanyl-1~{H}-imidazol-5-yl]pyridin-2-yl]propanamide","1VI","-","-","out","in"
"MAPK14 (p38a)","MAPK","CMGC","3e93","A","A","Human","4-methyl-N-(3-morpholin-4-ylphenyl)-3-(3-piperidin-4-yl-1,2-benzisoxazol-6-yl)benzamide","19B","-","-","out","in"
"MAPK14 (p38a)","MAPK","CMGC","3gcs","A","B","Human","4-{4-[({[4-CHLORO-3-(TRIFLUOROMETHYL)PHENYL]AMINO}CARBONYL)AMINO]PHENOXY}-N-METHYLPYRIDINE-2-CARBOXAMIDE","BAX","-","-","out","in"
"MAPK14 (p38a)","MAPK","CMGC","1kv2","A","-","Human","1-(5-TERT-BUTYL-2-P-TOLYL-2H-PYRAZOL-3-YL)-3-[4-(2-MORPHOLIN-4-YL-ETHOXY)-NAPHTHALEN-1-YL]-UREA","B96","-","-","out","in"
"MAPK14 (p38a)","MAPK","CMGC","3hec","A","B","Human","4-(4-METHYL-PIPERAZIN-1-YLMETHYL)-N-[4-METHYL-3-(4-PYRIDIN-3-YL-PYRIMIDIN-2-YLAMINO)-PHENYL]-BENZAMIDE","STI","-","-","out","in"
"MAPK14 (p38a)","MAPK","CMGC","3gcu","B","B","Human","1-{3-[(6-aminoquinazolin-4-yl)amino]phenyl}-3-[3-tert-butyl-1-(4-methylphenyl)-1H-pyrazol-5-yl]urea","R48","-","-","out","in"
"MAPK14 (p38a)","MAPK","CMGC","6sfj","A","A","Human","~{N}-[5-[[(2~{S})-1-azanyl-4-cyclohexyl-1-oxidanylidene-butan-2-yl]carbamoyl]-2-methyl-phenyl]-1-(2-methylphenyl)pyrazole-4-carboxamide","LBB","-","-","out","in"
"MAPK14 (p38a)","MAPK","CMGC","3gcp","A","B","Human","4-[5-(4-FLUORO-PHENYL)-2-(4-METHANESULFINYL-PHENYL)-3H-IMIDAZOL-4-YL]-PYRIDINE","SB2","-","-","out","in"
"MAPK14 (p38a)","MAPK","CMGC","3gcv","A","A","Human","1-{3-[(6-aminoquinazolin-4-yl)amino]phenyl}-3-[3-tert-butyl-1-(3-methylphenyl)-1H-pyrazol-5-yl]urea","SS6","-","-","out","in"
"MAPK14 (p38a)","MAPK","CMGC","5n64","A","-","Human","-","-","2-phenyl-~{N}4-(thiophen-2-ylmethyl)quinazoline-4,7-diamine","8OH","out","in"
"MAPK14 (p38a)","MAPK","CMGC","3gcq","A","A","Human","1-{4-[(6-aminoquinazolin-4-yl)amino]phenyl}-3-[3-tert-butyl-1-(3-methylphenyl)-1H-pyrazol-5-yl]urea","1BU","-","-","out","in"
"AKT1","Akt","AGC","7nh4","A","A","Human","~{N}-[3-[1-[[4-[5-(hydroxymethyl)-3-phenyl-pyridin-2-yl]phenyl]methyl]piperidin-4-yl]-2-oxidanylidene-1~{H}-benzimidazol-5-yl]propanamide","UCE","-","-","out","na"
"AKT1","Akt","AGC","4ejn","A","-","Human","-","-","N-(4-{5-[3-(acetylamino)phenyl]-2-(2-aminopyridin-3-yl)-3H-imidazo[4,5-b]pyridin-3-yl}benzyl)-3-fluorobenzamide","0R4","out","na"
"AKT1","Akt","AGC","3o96","A","-","Human","-","-","1-(1-(4-(7-phenyl-1H-imidazo[4,5-g]quinoxalin-6-yl)benzyl)piperidin-4-yl)-1H-benzo[d]imidazol-2(3H)-one","IQO","out","na"
"AKT1","Akt","AGC","7nh4","A","B","Human","~{N}-[3-[1-[[4-[5-(hydroxymethyl)-3-phenyl-pyridin-2-yl]phenyl]methyl]piperidin-4-yl]-2-oxidanylidene-1~{H}-benzimidazol-5-yl]propanamide","UCE","-","-","out","na"
"AKT1","Akt","AGC","6hhh","A","-","Human","~{N}-[4-[4-[[4-(5-oxidanylidene-3-phenyl-6~{H}-1,6-naphthyridin-2-yl)phenyl]methyl]piperazin-1-yl]phenyl]propanamide","G4Q","-","-","out","na"
"AKT1","Akt","AGC","6s9x","A","-","Human","~{N}-[3-[1-[[4-[5-[(4-hydroxyphenyl)methyl]-6-oxidanylidene-2-phenyl-1~{H}-pyrazin-3-yl]phenyl]methyl]piperidin-4-yl]-2-oxidanylidene-1~{H}-benzimidazol-5-yl]propanamide","L1W","-","-","out","na"
"AKT1","Akt","AGC","5kcv","A","-","Human","3-[3-[4-(1-azanylcyclobutyl)phenyl]-5-phenyl-imidazo[4,5-b]pyridin-2-yl]pyridin-2-amine","6S1","-","-","out","na"
"AKT1","Akt","AGC","6hhf","A","-","Human","Borussertib","G4K","-","-","out","na"
"AKT1","Akt","AGC","7nh5","A","A","Human","~{N}-methyl-6-[4-[[4-[2-oxidanylidene-6-(propanoylamino)-3~{H}-benzimidazol-1-yl]piperidin-1-yl]methyl]phenyl]-5-phenyl-pyridine-3-carboxamide","UC8","-","-","out","na"
"AKT1","Akt","AGC","6s9w","A","A","Human","~{N}-[3-[1-[[4-(5-methyl-6-oxidanylidene-3-phenyl-1~{H}-pyrazin-2-yl)phenyl]methyl]piperidin-4-yl]-2-oxidanylidene-1~{H}-benzimidazol-5-yl]propanamide","L1Z","-","-","out","out"
"AKT1","Akt","AGC","6hhg","A","-","Human","~{N}-[2-chloranyl-5-[[1-[[4-(5-oxidanylidene-3-phenyl-6~{H}-1,6-naphthyridin-2-yl)phenyl]methyl]piperidin-4-yl]carbamoylamino]phenyl]propanamide","G4T","-","-","out","na"
"AKT1","Akt","AGC","6s9w","A","B","Human","~{N}-[3-[1-[[4-(5-methyl-6-oxidanylidene-3-phenyl-1~{H}-pyrazin-2-yl)phenyl]methyl]piperidin-4-yl]-2-oxidanylidene-1~{H}-benzimidazol-5-yl]propanamide","L1Z","-","-","out","out"
"AKT1","Akt","AGC","7nh5","A","B","Human","~{N}-methyl-6-[4-[[4-[2-oxidanylidene-6-(propanoylamino)-3~{H}-benzimidazol-1-yl]piperidin-1-yl]methyl]phenyl]-5-phenyl-pyridine-3-carboxamide","UC8","-","-","out","na"
"AKT1","Akt","AGC","6hhj","A","-","Human","~{N}-[1-methyl-2-oxidanylidene-3-[1-[[4-(5-oxidanylidene-3-phenyl-6~{H}-1,6-naphthyridin-2-yl)phenyl]methyl]piperidin-4-yl]benzimidazol-5-yl]propanamide","G4H","-","-","out","out"
"PDGFRA (PDGFRa)","PDGFR","TK","5grn","A","B","Human","N-[2-(dimethylamino)ethyl]-N-[[4-[[4-methyl-3-[(4-pyridin-3-ylpyrimidin-2-yl)amino]phenyl]carbamoyl]phenyl]methyl]pyridine-3-carboxamide","748","-","-","out","in"
"PDGFRA (PDGFRa)","PDGFR","TK","5grn","A","A","Human","N-[2-(dimethylamino)ethyl]-N-[[4-[[4-methyl-3-[(4-pyridin-3-ylpyrimidin-2-yl)amino]phenyl]carbamoyl]phenyl]methyl]pyridine-3-carboxamide","748","-","-","out","in"
"PDGFRA (PDGFRa)","PDGFR","TK","6jol","A","-","Human","4-(4-METHYL-PIPERAZIN-1-YLMETHYL)-N-[4-METHYL-3-(4-PYRIDIN-3-YL-PYRIMIDIN-2-YLAMINO)-PHENYL]-BENZAMIDE","STI","-","-","out","in"
"PDGFRA (PDGFRa)","PDGFR","TK","6jok","A","-","Human","N-[2-(diethylamino)ethyl]-5-[(Z)-(5-fluoro-2-oxo-1,2-dihydro-3H-indol-3-ylidene)methyl]-2,4-dimethyl-1H-pyrrole-3-carboxamide","B49","-","-","out","in"
"EIF2AK3 (PEK)","PEK","Other","4x7l","A","B","Human","4-{2-amino-4-methyl-3-[2-(methylamino)-1,3-benzothiazol-6-yl]benzoyl}-1-methyl-2,5-diphenyl-1,2-dihydro-3H-pyrazol-3-one","3Z4","-","-","out","out"
"EIF2AK3 (PEK)","PEK","Other","4x7j","A","A","Human","2-amino-N-[4-methoxy-3-(trifluoromethyl)phenyl]-4-methyl-3-[2-(methylamino)quinazolin-6-yl]benzamide","3Z1","-","-","out","out"
"EIF2AK3 (PEK)","PEK","Other","4x7h","A","B","Human","N-{5-[(6,7-dimethoxyquinolin-4-yl)oxy]pyridin-2-yl}-1-methyl-3-oxo-2-phenyl-5-(pyridin-4-yl)-2,3-dihydro-1H-pyrazole-4-carboxamide","3Z2","-","-","out","out"
"EIF2AK3 (PEK)","PEK","Other","4x7k","A","B","Human","4-{2-amino-3-[5-fluoro-2-(methylamino)quinazolin-6-yl]-4-methylbenzoyl}-1-methyl-2,5-diphenyl-1,2-dihydro-3H-pyrazol-3-one","3Z3","-","-","out","out"
"EIF2AK3 (PEK)","PEK","Other","4x7n","A","B","Human","4-[2-amino-4-methyl-3-(2-methylquinolin-6-yl)benzoyl]-1-methyl-2,5-diphenyl-1,2-dihydro-3H-pyrazol-3-one","3Z5","-","-","out","out"
"EIF2AK3 (PEK)","PEK","Other","4x7j","A","B","Human","2-amino-N-[4-methoxy-3-(trifluoromethyl)phenyl]-4-methyl-3-[2-(methylamino)quinazolin-6-yl]benzamide","3Z1","-","-","out","out"
"EIF2AK3 (PEK)","PEK","Other","4x7k","A","A","Human","4-{2-amino-3-[5-fluoro-2-(methylamino)quinazolin-6-yl]-4-methylbenzoyl}-1-methyl-2,5-diphenyl-1,2-dihydro-3H-pyrazol-3-one","3Z3","-","-","out","out"
"EIF2AK3 (PEK)","PEK","Other","4x7n","A","A","Human","4-[2-amino-4-methyl-3-(2-methylquinolin-6-yl)benzoyl]-1-methyl-2,5-diphenyl-1,2-dihydro-3H-pyrazol-3-one","3Z5","-","-","out","out"
"EIF2AK3 (PEK)","PEK","Other","4x7h","A","A","Human","N-{5-[(6,7-dimethoxyquinolin-4-yl)oxy]pyridin-2-yl}-1-methyl-3-oxo-2-phenyl-5-(pyridin-4-yl)-2,3-dihydro-1H-pyrazole-4-carboxamide","3Z2","-","-","out","out"
"EIF2AK3 (PEK)","PEK","Other","4x7l","A","A","Human","4-{2-amino-4-methyl-3-[2-(methylamino)-1,3-benzothiazol-6-yl]benzoyl}-1-methyl-2,5-diphenyl-1,2-dihydro-3H-pyrazol-3-one","3Z4","-","-","out","out"
"PAK1","STE20","STE","4zji","D","B","Human","2-chloro-5-ethyl-8-fluoro-11-(4-methylpiperazin-1-yl)-dibenzodiazepine","4OQ","-","-","out","out"
"PAK1","STE20","STE","4zlo","A","A","Human","2,8-difluoro-11-(4-methylpiperazin-1-yl)-5H-dibenzo[b,e][1,4]diazepine","4PV","-","-","out","out"
"PAK1","STE20","STE","4zjj","A","B","Human","(S)-N-(tert-butyl)-3-((2-chloro-5-ethyl-8-fluoro-dibenzodiazepin-11-yl)amino)pyrrolidine-1-carboxamide","4OR","-","-","out","out"
"PAK1","STE20","STE","4zji","C","B","Human","2-chloro-5-ethyl-8-fluoro-11-(4-methylpiperazin-1-yl)-dibenzodiazepine","4OQ","-","-","out","out"
"PAK1","STE20","STE","4zji","D","A","Human","2-chloro-5-ethyl-8-fluoro-11-(4-methylpiperazin-1-yl)-dibenzodiazepine","4OQ","-","-","out","out"
"PAK1","STE20","STE","4zji","B","B","Human","2-chloro-5-ethyl-8-fluoro-11-(4-methylpiperazin-1-yl)-dibenzodiazepine","4OQ","-","-","out","out"
"PAK1","STE20","STE","4zlo","A","B","Human","2,8-difluoro-11-(4-methylpiperazin-1-yl)-5H-dibenzo[b,e][1,4]diazepine","4PV","-","-","out","out"
"PAK1","STE20","STE","4zji","C","A","Human","2-chloro-5-ethyl-8-fluoro-11-(4-methylpiperazin-1-yl)-dibenzodiazepine","4OQ","-","-","out","out"
"PAK1","STE20","STE","4zji","A","B","Human","2-chloro-5-ethyl-8-fluoro-11-(4-methylpiperazin-1-yl)-dibenzodiazepine","4OQ","-","-","out","out"
"PAK1","STE20","STE","4zji","A","A","Human","2-chloro-5-ethyl-8-fluoro-11-(4-methylpiperazin-1-yl)-dibenzodiazepine","4OQ","-","-","out","out"
"PAK1","STE20","STE","4zjj","B","A","Human","(S)-N-(tert-butyl)-3-((2-chloro-5-ethyl-8-fluoro-dibenzodiazepin-11-yl)amino)pyrrolidine-1-carboxamide","4OR","-","-","out","out"
"PAK1","STE20","STE","4zjj","B","B","Human","(S)-N-(tert-butyl)-3-((2-chloro-5-ethyl-8-fluoro-dibenzodiazepin-11-yl)amino)pyrrolidine-1-carboxamide","4OR","-","-","out","out"
"PAK1","STE20","STE","4zjj","D","A","Human","(S)-N-(tert-butyl)-3-((2-chloro-5-ethyl-8-fluoro-dibenzodiazepin-11-yl)amino)pyrrolidine-1-carboxamide","4OR","-","-","out","out"
"PAK1","STE20","STE","4zjj","C","A","Human","(S)-N-(tert-butyl)-3-((2-chloro-5-ethyl-8-fluoro-dibenzodiazepin-11-yl)amino)pyrrolidine-1-carboxamide","4OR","-","-","out","out"
"PAK1","STE20","STE","4zjj","A","A","Human","(S)-N-(tert-butyl)-3-((2-chloro-5-ethyl-8-fluoro-dibenzodiazepin-11-yl)amino)pyrrolidine-1-carboxamide","4OR","-","-","out","out"
"PAK1","STE20","STE","4zji","B","A","Human","2-chloro-5-ethyl-8-fluoro-11-(4-methylpiperazin-1-yl)-dibenzodiazepine","4OQ","-","-","out","out"
"KIT","PDGFR","TK","6gqj","A","B","Human","2-[4-(6,7-dimethoxyquinazolin-4-yl)oxy-2-methoxy-phenyl]-~{N}-(1-propan-2-ylpyrazol-4-yl)ethanamide","F82","-","-","out","in"
"KIT","PDGFR","TK","4u0i","A","A","Human","3-(imidazo[1,2-b]pyridazin-3-ylethynyl)-4-methyl-N-{4-[(4-methylpiperazin-1-yl)methyl]-3-(trifluoromethyl)phenyl}benzamide","0LI","-","-","out","in"
"KIT","PDGFR","TK","7khg","A","A","Human","5-[(5-chloro-1H-pyrrolo[2,3-b]pyridin-3-yl)methyl]-N-{[6-(trifluoromethyl)pyridin-3-yl]methyl}pyridin-2-amine","P31","-","-","out","in"
"KIT","PDGFR","TK","3g0e","A","A","Human","N-[2-(diethylamino)ethyl]-5-[(Z)-(5-fluoro-2-oxo-1,2-dihydro-3H-indol-3-ylidene)methyl]-2,4-dimethyl-1H-pyrrole-3-carboxamide","B49","-","-","out","in"
"KIT","PDGFR","TK","6itv","A","A","Human","N-(5-ethyl-1,2-oxazol-3-yl)-N'-[4-(2-{[6-(4-ethylpyrazin-1(4H)-yl)pyrimidin-4-yl]amino}-1,3-thiazol-5-yl)phenyl]urea","AWO","-","-","out","in"
"KIT","PDGFR","TK","6gqj","A","A","Human","2-[4-(6,7-dimethoxyquinazolin-4-yl)oxy-2-methoxy-phenyl]-~{N}-(1-propan-2-ylpyrazol-4-yl)ethanamide","F82","-","-","out","in"
"KIT","PDGFR","TK","6xvb","A","-","Human","~{N}-(4,4-dimethyl-2-propyl-3,1-benzoxazin-6-yl)-2-[3-methoxy-5-(7-methoxyquinolin-4-yl)oxy-pyridin-2-yl]ethanamide","O2H","-","-","out","in"
"KIT","PDGFR","TK","6hh1","A","B","Human","~{N}-(2,3-dimethylphenyl)-5-(4-pyridin-4-yloxyphenyl)-4~{H}-1,2,4-triazol-3-amine","G4E","-","-","out","in"
"KIT","PDGFR","TK","7zy6","A","-","Human","5-imidazo[1,2-a]pyridin-3-yl-~{N}-[(1~{R})-1-(6-pyrrolidin-1-ylpyridin-3-yl)ethyl]pyridin-3-amine","KCI","-","-","out","in"
"KIT","PDGFR","TK","6xvb","B","-","Human","~{N}-(4,4-dimethyl-2-propyl-3,1-benzoxazin-6-yl)-2-[3-methoxy-5-(7-methoxyquinolin-4-yl)oxy-pyridin-2-yl]ethanamide","O2H","-","-","out","in"
"KIT","PDGFR","TK","6gql","B","-","Human","~{N}-[4-(6,7-dimethoxyquinazolin-4-yl)oxyphenyl]-2-(4-propan-2-yl-1,2,3-triazol-1-yl)ethanamide","F8B","-","-","out","in"
"KIT","PDGFR","TK","6itt","B","A","Human","N-(5-ethyl-1,2-oxazol-3-yl)-N'-[4-(2-{[6-(4-ethylpyrazin-1(4H)-yl)pyrimidin-4-yl]amino}-1,3-thiazol-5-yl)phenyl]urea","AWO","-","-","out","in"
"KIT","PDGFR","TK","1t46","A","A","Human","4-(4-METHYL-PIPERAZIN-1-YLMETHYL)-N-[4-METHYL-3-(4-PYRIDIN-3-YL-PYRIMIDIN-2-YLAMINO)-PHENYL]-BENZAMIDE","STI","-","-","out","in"
"KIT","PDGFR","TK","6itv","A","B","Human","N-(5-ethyl-1,2-oxazol-3-yl)-N'-[4-(2-{[6-(4-ethylpyrazin-1(4H)-yl)pyrimidin-4-yl]amino}-1,3-thiazol-5-yl)phenyl]urea","AWO","-","-","out","in"
"KIT","PDGFR","TK","3g0f","B","-","Human","N-[2-(diethylamino)ethyl]-5-[(Z)-(5-fluoro-2-oxo-1,2-dihydro-3H-indol-3-ylidene)methyl]-2,4-dimethyl-1H-pyrrole-3-carboxamide","B49","-","-","out","in"
"KIT","PDGFR","TK","6itt","A","A","Human","N-(5-ethyl-1,2-oxazol-3-yl)-N'-[4-(2-{[6-(4-ethylpyrazin-1(4H)-yl)pyrimidin-4-yl]amino}-1,3-thiazol-5-yl)phenyl]urea","AWO","-","-","out","in"
"KIT","PDGFR","TK","6kla","A","A","Human","N-[6-(4-ethylpiperazin-1-yl)-2-methyl-pyrimidin-4-yl]-5-pyridin-4-yl-1,3-thiazol-2-amine","DJX","-","-","out","in"
"KIT","PDGFR","TK","6xva","A","-","Human","~{N}-[[3-[2-[3-methoxy-5-(7-methoxyquinolin-4-yl)oxy-pyridin-2-yl]ethanoylamino]-5-methyl-phenyl]methyl]propanamide","O2K","-","-","out","in"
"KIT","PDGFR","TK","4u0i","A","B","Human","3-(imidazo[1,2-b]pyridazin-3-ylethynyl)-4-methyl-N-{4-[(4-methylpiperazin-1-yl)methyl]-3-(trifluoromethyl)phenyl}benzamide","0LI","-","-","out","in"
"KIT","PDGFR","TK","6gqj","B","A","Human","2-[4-(6,7-dimethoxyquinazolin-4-yl)oxy-2-methoxy-phenyl]-~{N}-(1-propan-2-ylpyrazol-4-yl)ethanamide","F82","-","-","out","in"
"KIT","PDGFR","TK","3g0f","A","-","Human","N-[2-(diethylamino)ethyl]-5-[(Z)-(5-fluoro-2-oxo-1,2-dihydro-3H-indol-3-ylidene)methyl]-2,4-dimethyl-1H-pyrrole-3-carboxamide","B49","-","-","out","in"
"MAP4K1 (HPK1)","STE20","STE","8pas","A","-","Human","4-[2,6-bis(fluoranyl)-4-(3-morpholin-4-ylpropylcarbamoylamino)phenoxy]-~{N}-[(4-methyl-1,2,5-oxadiazol-3-yl)methyl]-1~{H}-pyrrolo[2,3-b]pyridine-3-carboxamide","XOH","-","-","out","out"
"MAP4K1 (HPK1)","STE20","STE","6ng0","B","-","Human","N-[2-(diethylamino)ethyl]-5-[(Z)-(5-fluoro-2-oxo-1,2-dihydro-3H-indol-3-ylidene)methyl]-2,4-dimethyl-1H-pyrrole-3-carboxamide","B49","-","-","out","out"
"MELK","CAMKL","CAMK","5k00","A","B","Human","4-{2-[(3-methoxyphenyl)amino]-4-[(piperidin-4-yl)methoxy]pyrimidin-5-yl}-N-[2-oxo-2-(phenylamino)ethyl]benzamide","6PV","-","-","out","in"
"MELK","CAMKL","CAMK","5k00","A","A","Human","4-{2-[(3-methoxyphenyl)amino]-4-[(piperidin-4-yl)methoxy]pyrimidin-5-yl}-N-[2-oxo-2-(phenylamino)ethyl]benzamide","6PV","-","-","out","in"
"DDR2","DDR","TK","7aym","A","A","Human","N-[5-({[(3-fluorophenyl)carbamoyl]amino}methyl)-2-methylphenyl]imidazo[1,2-a]pyridine-3-carboxamide","4VD","-","-","out","in"
"DDR2","DDR","TK","6fer","C","-","Human","2-[4,5-bis(fluoranyl)-2-oxidanylidene-1'-(1~{H}-pyrazolo[3,4-b]pyridin-5-ylcarbonyl)spiro[indole-3,4'-piperidine]-1-yl]-~{N}-[2,2,2-tris(fluoranyl)ethyl]ethanamide","D6Q","-","-","out","out"
"DDR2","DDR","TK","6fer","B","-","Human","2-[4,5-bis(fluoranyl)-2-oxidanylidene-1'-(1~{H}-pyrazolo[3,4-b]pyridin-5-ylcarbonyl)spiro[indole-3,4'-piperidine]-1-yl]-~{N}-[2,2,2-tris(fluoranyl)ethyl]ethanamide","D6Q","-","-","out","in"
"DDR2","DDR","TK","6fer","D","-","Human","2-[4,5-bis(fluoranyl)-2-oxidanylidene-1'-(1~{H}-pyrazolo[3,4-b]pyridin-5-ylcarbonyl)spiro[indole-3,4'-piperidine]-1-yl]-~{N}-[2,2,2-tris(fluoranyl)ethyl]ethanamide","D6Q","-","-","out","out"
"DDR2","DDR","TK","6fer","K","-","Human","2-[4,5-bis(fluoranyl)-2-oxidanylidene-1'-(1~{H}-pyrazolo[3,4-b]pyridin-5-ylcarbonyl)spiro[indole-3,4'-piperidine]-1-yl]-~{N}-[2,2,2-tris(fluoranyl)ethyl]ethanamide","D6Q","-","-","out","out"
"DDR2","DDR","TK","6fer","I","-","Human","2-[4,5-bis(fluoranyl)-2-oxidanylidene-1'-(1~{H}-pyrazolo[3,4-b]pyridin-5-ylcarbonyl)spiro[indole-3,4'-piperidine]-1-yl]-~{N}-[2,2,2-tris(fluoranyl)ethyl]ethanamide","D6Q","-","-","out","out"
"DDR2","DDR","TK","6fer","A","-","Human","2-[4,5-bis(fluoranyl)-2-oxidanylidene-1'-(1~{H}-pyrazolo[3,4-b]pyridin-5-ylcarbonyl)spiro[indole-3,4'-piperidine]-1-yl]-~{N}-[2,2,2-tris(fluoranyl)ethyl]ethanamide","D6Q","-","-","out","out"
"DDR2","DDR","TK","6fer","J","-","Human","2-[4,5-bis(fluoranyl)-2-oxidanylidene-1'-(1~{H}-pyrazolo[3,4-b]pyridin-5-ylcarbonyl)spiro[indole-3,4'-piperidine]-1-yl]-~{N}-[2,2,2-tris(fluoranyl)ethyl]ethanamide","D6Q","-","-","out","out"
"DDR2","DDR","TK","6fer","H","-","Human","2-[4,5-bis(fluoranyl)-2-oxidanylidene-1'-(1~{H}-pyrazolo[3,4-b]pyridin-5-ylcarbonyl)spiro[indole-3,4'-piperidine]-1-yl]-~{N}-[2,2,2-tris(fluoranyl)ethyl]ethanamide","D6Q","-","-","out","out"
"DDR2","DDR","TK","6fer","F","-","Human","2-[4,5-bis(fluoranyl)-2-oxidanylidene-1'-(1~{H}-pyrazolo[3,4-b]pyridin-5-ylcarbonyl)spiro[indole-3,4'-piperidine]-1-yl]-~{N}-[2,2,2-tris(fluoranyl)ethyl]ethanamide","D6Q","-","-","out","in"
"DDR2","DDR","TK","7aym","A","B","Human","N-[5-({[(3-fluorophenyl)carbamoyl]amino}methyl)-2-methylphenyl]imidazo[1,2-a]pyridine-3-carboxamide","4VD","-","-","out","in"
"DDR2","DDR","TK","6fer","E","-","Human","2-[4,5-bis(fluoranyl)-2-oxidanylidene-1'-(1~{H}-pyrazolo[3,4-b]pyridin-5-ylcarbonyl)spiro[indole-3,4'-piperidine]-1-yl]-~{N}-[2,2,2-tris(fluoranyl)ethyl]ethanamide","D6Q","-","-","out","out"
"DDR2","DDR","TK","6fer","L","-","Human","2-[4,5-bis(fluoranyl)-2-oxidanylidene-1'-(1~{H}-pyrazolo[3,4-b]pyridin-5-ylcarbonyl)spiro[indole-3,4'-piperidine]-1-yl]-~{N}-[2,2,2-tris(fluoranyl)ethyl]ethanamide","D6Q","-","-","out","in"
"DDR2","DDR","TK","6fer","G","-","Human","2-[4,5-bis(fluoranyl)-2-oxidanylidene-1'-(1~{H}-pyrazolo[3,4-b]pyridin-5-ylcarbonyl)spiro[indole-3,4'-piperidine]-1-yl]-~{N}-[2,2,2-tris(fluoranyl)ethyl]ethanamide","D6Q","-","-","out","out"
"LRRK2","LRRK","TKL","7lht","A","-","Human","-","-","ADENOSINE-5&apos;-TRIPHOSPHATE","ATP","out","out"
"LRRK2","LRRK","TKL","8tyq","A","A","Human","4-methyl-N-{4-[(4-methylpiperazin-1-yl)methyl]-3-(trifluoromethyl)phenyl}-3-[(1H-pyrazolo[3,4-b]pyridin-5-yl)ethynyl]benzamide","T3X","-","-","out","out"
"LRRK2","LRRK","TKL","8tyq","A","B","Human","4-methyl-N-{4-[(4-methylpiperazin-1-yl)methyl]-3-(trifluoromethyl)phenyl}-3-[(1H-pyrazolo[3,4-b]pyridin-5-yl)ethynyl]benzamide","T3X","-","-","out","out"
"LRRK2","LRRK","TKL","8tzb","A","-","Human","-","-","4-methyl-N-{4-[(4-methylpiperazin-1-yl)methyl]-3-(trifluoromethyl)phenyl}-3-[(1H-pyrazolo[3,4-b]pyridin-5-yl)ethynyl]benzamide","T3X","out","out"
"LRRK2","LRRK","TKL","8fo9","A","-","Human","-","-","ADENOSINE-5&apos;-TRIPHOSPHATE","ATP","out","out"
"LRRK2","LRRK","TKL","8txz","A","B","Human","-","-","(2~{R},6~{S})-2,6-dimethyl-4-[6-[5-(1-methylcyclopropyl)oxy-1~{H}-indazol-3-yl]pyrimidin-4-yl]morpholine","A1N","out","out"
"LRRK2","LRRK","TKL","8fo8","C","-","Human","-","-","ADENOSINE-5&apos;-TRIPHOSPHATE","ATP","out","out"
"ABL2","Abl","TK","3gvu","A","B","Human","4-(4-METHYL-PIPERAZIN-1-YLMETHYL)-N-[4-METHYL-3-(4-PYRIDIN-3-YL-PYRIMIDIN-2-YLAMINO)-PHENYL]-BENZAMIDE","STI","4-(4-METHYL-PIPERAZIN-1-YLMETHYL)-N-[4-METHYL-3-(4-PYRIDIN-3-YL-PYRIMIDIN-2-YLAMINO)-PHENYL]-BENZAMIDE","STI","out","in"
"ABL2","Abl","TK","3gvu","A","A","Human","4-(4-METHYL-PIPERAZIN-1-YLMETHYL)-N-[4-METHYL-3-(4-PYRIDIN-3-YL-PYRIMIDIN-2-YLAMINO)-PHENYL]-BENZAMIDE","STI","4-(4-METHYL-PIPERAZIN-1-YLMETHYL)-N-[4-METHYL-3-(4-PYRIDIN-3-YL-PYRIMIDIN-2-YLAMINO)-PHENYL]-BENZAMIDE","STI","out","in"
"LCK","Src","TK","2ofv","A","-","Human","3-(2-AMINOQUINAZOLIN-6-YL)-4-METHYL-N-[3-(TRIFLUOROMETHYL)PHENYL]BENZAMIDE","242","-","-","out","in"
"LCK","Src","TK","2og8","B","-","Human","N-{2-[(N,N-DIETHYLGLYCYL)AMINO]-5-(TRIFLUOROMETHYL)PHENYL}-4-METHYL-3-[2-(METHYLAMINO)QUINAZOLIN-6-YL]BENZAMIDE","1N8","-","-","out","in"
"LCK","Src","TK","2og8","A","-","Human","N-{2-[(N,N-DIETHYLGLYCYL)AMINO]-5-(TRIFLUOROMETHYL)PHENYL}-4-METHYL-3-[2-(METHYLAMINO)QUINAZOLIN-6-YL]BENZAMIDE","1N8","-","-","out","in"
"LCK","Src","TK","2pl0","A","-","Human","4-(4-METHYL-PIPERAZIN-1-YLMETHYL)-N-[4-METHYL-3-(4-PYRIDIN-3-YL-PYRIMIDIN-2-YLAMINO)-PHENYL]-BENZAMIDE","STI","-","-","out","in"
"LCK","Src","TK","3byu","A","-","Human","2-methyl-N-{4-methyl-3-[(2-{[4-(4-methylpiperazin-1-yl)phenyl]amino}pyrimidin-5-yl)carbamoyl]phenyl}-3-(trifluoromethyl)benzamide","AM6","-","-","out","in"
"LCK","Src","TK","2ofv","B","-","Human","3-(2-AMINOQUINAZOLIN-6-YL)-4-METHYL-N-[3-(TRIFLUOROMETHYL)PHENYL]BENZAMIDE","242","-","-","out","in"
"LCK","Src","TK","3bys","A","-","Human","4-methyl-N~3~-(2-{[4-(4-methylpiperazin-1-yl)phenyl]amino}pyrimidin-5-yl)-N~1~-[3-(trifluoromethyl)phenyl]benzene-1,3-dicarboxamide","AM5","-","-","out","in"
"IGF1R","InsR","TK","8pym","A","-","Human","5,5-dimethyl-1-(1H-pyrrolo[2,3-b]pyridin-4-ylmethyl)-3-[4-(trifluoromethylsulfanyl)phenyl]imidazolidine-2,4-dione","IED","-","-","out","in"
"EPHA7 (EphA7)","Eph","TK","3dko","A","A","Human","5-[(2-methyl-5-{[3-(trifluoromethyl)phenyl]carbamoyl}phenyl)amino]pyridine-3-carboxamide","IHZ","-","-","out","in"
"EPHA7 (EphA7)","Eph","TK","3dko","A","B","Human","5-[(2-methyl-5-{[3-(trifluoromethyl)phenyl]carbamoyl}phenyl)amino]pyridine-3-carboxamide","IHZ","-","-","out","in"
"IGF1R","InsR","TK","8pyk","A","A","Human","5,5-dimethyl-1-(1H-pyrrolo[2,3-b]pyridin-3-ylmethyl)-3-[4-(trifluoromethylsulfanyl)phenyl]imidazolidine-2,4-dione","IC2","-","-","out","out"
"IGF1R","InsR","TK","3lw0","B","A","Human","-","-","3-cyano-N-{1-[4-(5-cyano-1H-indol-3-yl)butyl]piperidin-4-yl}-1H-indole-7-carboxamide","CCX","out","in"
"IGF1R","InsR","TK","8pyj","A","-","Human","5,5-dimethyl-1-(quinolin-4-ylmethyl)-3-[4-(trifluoromethylsulfonyl)phenyl]imidazolidine-2,4-dione","IEA","-","-","out","in"
"IGF1R","InsR","TK","3o23","A","-","Human","(5S)-5-methyl-1-(quinolin-4-ylmethyl)-3-{4-[(trifluoromethyl)sulfonyl]phenyl}imidazolidine-2,4-dione","MQY","-","-","out","in"
"IGF1R","InsR","TK","8pyn","A","A","Human","5,5-dimethyl-1-(1H-pyrrolo[2,3-b]pyridin-4-ylmethyl)-3-[4-(trifluoromethylsulfonyl)phenyl]imidazolidine-2,4-dione","ICV","-","-","out","in"
"IGF1R","InsR","TK","3lw0","C","A","Human","-","-","3-cyano-N-{1-[4-(5-cyano-1H-indol-3-yl)butyl]piperidin-4-yl}-1H-indole-7-carboxamide","CCX","out","in"
"IGF1R","InsR","TK","3lw0","A","A","Human","-","-","3-cyano-N-{1-[4-(5-cyano-1H-indol-3-yl)butyl]piperidin-4-yl}-1H-indole-7-carboxamide","CCX","out","in"
"IGF1R","InsR","TK","8pyk","A","B","Human","5,5-dimethyl-1-(1H-pyrrolo[2,3-b]pyridin-3-ylmethyl)-3-[4-(trifluoromethylsulfanyl)phenyl]imidazolidine-2,4-dione","IC2","-","-","out","out"
"IGF1R","InsR","TK","3lw0","B","B","Human","-","-","3-cyano-N-{1-[4-(5-cyano-1H-indol-3-yl)butyl]piperidin-4-yl}-1H-indole-7-carboxamide","CCX","out","in"
"IGF1R","InsR","TK","3lw0","C","B","Human","-","-","3-cyano-N-{1-[4-(5-cyano-1H-indol-3-yl)butyl]piperidin-4-yl}-1H-indole-7-carboxamide","CCX","out","in"
"IGF1R","InsR","TK","8pyn","A","B","Human","5,5-dimethyl-1-(1H-pyrrolo[2,3-b]pyridin-4-ylmethyl)-3-[4-(trifluoromethylsulfonyl)phenyl]imidazolidine-2,4-dione","ICV","-","-","out","in"
"IGF1R","InsR","TK","3lw0","A","B","Human","-","-","3-cyano-N-{1-[4-(5-cyano-1H-indol-3-yl)butyl]piperidin-4-yl}-1H-indole-7-carboxamide","CCX","out","in"
"IGF1R","InsR","TK","3lw0","D","A","Human","-","-","3-cyano-N-{1-[4-(5-cyano-1H-indol-3-yl)butyl]piperidin-4-yl}-1H-indole-7-carboxamide","CCX","out","in"
"IGF1R","InsR","TK","3lw0","D","B","Human","-","-","3-cyano-N-{1-[4-(5-cyano-1H-indol-3-yl)butyl]piperidin-4-yl}-1H-indole-7-carboxamide","CCX","out","in"
"IGF1R","InsR","TK","8pyl","A","-","Human","(5S)-5-methyl-1-(1H-pyrrolo[2,3-b]pyridin-4-ylmethyl)-3-[4-(trifluoromethylsulfanyl)phenyl]imidazolidine-2,4-dione","IE0","-","-","out","in"
"RIPK1","RIPK","TKL","4neu","A","B","Human","1-[4-(1-aminoisoquinolin-5-yl)phenyl]-3-(5-tert-butyl-1,2-oxazol-3-yl)urea","Q1A","-","-","out","in"
"RIPK1","RIPK","TKL","5tx5","A","A","Human","GSK2982772","7MJ","-","-","out","out"
"RIPK1","RIPK","TKL","4itj","A","A","Human","N-[(1S)-1-(2-chloro-6-fluorophenyl)ethyl]-5-cyano-1-methyl-1H-pyrrole-2-carboxamide","1HX","-","-","out","out"
"RIPK1","RIPK","TKL","4itj","A","B","Human","N-[(1S)-1-(2-chloro-6-fluorophenyl)ethyl]-5-cyano-1-methyl-1H-pyrrole-2-carboxamide","1HX","-","-","out","out"
"RIPK1","RIPK","TKL","4neu","B","A","Human","1-[4-(1-aminoisoquinolin-5-yl)phenyl]-3-(5-tert-butyl-1,2-oxazol-3-yl)urea","Q1A","-","-","out","in"
"RIPK1","RIPK","TKL","6nw2","A","B","Human","(5R)-5-methyl-N-[(3S)-5-methyl-4-oxo-2,3,4,5-tetrahydro-1,5-benzoxazepin-3-yl]-4,5,6,7-tetrahydro-2H-indazole-3-carboxamide","L4Y","-","-","out","out"
"RIPK1","RIPK","TKL","6r5f","B","-","Human","[(5~{S})-5-[3,5-bis(fluoranyl)phenyl]pyrazolidin-1-yl]-[1-(5-methyl-1,3,4-oxadiazol-2-yl)piperidin-4-yl]methanone","JSW","-","-","out","out"
"RIPK1","RIPK","TKL","5tx5","A","B","Human","GSK2982772","7MJ","-","-","out","out"
"RIPK1","RIPK","TKL","6ocq","A","A","Human","1-[(2S)-2-(3-fluorophenyl)pyrrolidin-1-yl]-2,2-dimethylpropan-1-one","M5J","-","-","out","out"
"RIPK1","RIPK","TKL","6c3e","A","A","Human","2-benzyl-5-nitro-1H-benzimidazole","EJY","-","-","out","out"
"RIPK1","RIPK","TKL","7xmk","A","-","Human","5-[2-(cyclopropylcarbonylamino)-[1,2,4]triazolo[1,5-a]pyridin-7-yl]-N-[(1S)-1-(3-fluorophenyl)ethyl]-1-methyl-indole-3-carboxamide","GO4","-","-","out","out"
"RIPK1","RIPK","TKL","4ith","B","A","Human","(5R)-5-[(7-chloro-1H-indol-3-yl)methyl]-3-methylimidazolidine-2,4-dione","RCM","-","-","out","out"
"RIPK1","RIPK","TKL","4itj","B","B","Human","N-[(1S)-1-(2-chloro-6-fluorophenyl)ethyl]-5-cyano-1-methyl-1H-pyrrole-2-carboxamide","1HX","-","-","out","out"
"RIPK1","RIPK","TKL","6rln","B","-","Human","~{N}-[(3~{S})-7,9-bis(fluoranyl)-2-oxidanylidene-1,3,4,5-tetrahydro-1-benzazepin-3-yl]-3-(phenylmethyl)-1~{H}-1,2,4-triazole-5-carboxamide","K8K","-","-","out","out"
"RIPK1","RIPK","TKL","4ith","A","B","Human","(5R)-5-[(7-chloro-1H-indol-3-yl)methyl]-3-methylimidazolidine-2,4-dione","RCM","-","-","out","out"
"RIPK1","RIPK","TKL","4iti","B","B","Human","1-{(3S,3aS)-3-[3-fluoro-4-(trifluoromethoxy)phenyl]-8-methoxy-3,3a,4,5-tetrahydro-2H-benzo[g]indazol-2-yl}-2-hydroxyethanone","1HW","-","-","out","out"
"RIPK1","RIPK","TKL","6r5f","C","-","Human","[(5~{S})-5-[3,5-bis(fluoranyl)phenyl]pyrazolidin-1-yl]-[1-(5-methyl-1,3,4-oxadiazol-2-yl)piperidin-4-yl]methanone","JSW","-","-","out","out"
"RIPK1","RIPK","TKL","6c4d","A","-","Human","(3S)-3-(2-benzyl-3-chloro-7-oxo-2,4,5,7-tetrahydro-6H-pyrazolo[3,4-c]pyridin-6-yl)-5-methyl-4-oxo-2,3,4,5-tetrahydro-1,5-benzoxazepine-8-carbonitrile","EJP","-","-","out","out"
"RIPK1","RIPK","TKL","4iti","B","A","Human","1-{(3S,3aS)-3-[3-fluoro-4-(trifluoromethoxy)phenyl]-8-methoxy-3,3a,4,5-tetrahydro-2H-benzo[g]indazol-2-yl}-2-hydroxyethanone","1HW","-","-","out","out"
"RIPK1","RIPK","TKL","5tx5","B","A","Human","GSK2982772","7MJ","-","-","out","out"
"RIPK1","RIPK","TKL","6ocq","B","B","Human","1-[(2S)-2-(3-fluorophenyl)pyrrolidin-1-yl]-2,2-dimethylpropan-1-one","M5J","-","-","out","out"
"RIPK1","RIPK","TKL","4ith","B","B","Human","(5R)-5-[(7-chloro-1H-indol-3-yl)methyl]-3-methylimidazolidine-2,4-dione","RCM","-","-","out","out"
"RIPK1","RIPK","TKL","5hx6","B","-","Human","5-benzyl-N-[(3S)-5-methyl-4-oxo-2,3,4,5-tetrahydro-1,5-benzoxazepin-3-yl]-1,2-oxazole-3-carboxamide","65U","-","-","out","out"
"RIPK1","RIPK","TKL","6c4d","C","-","Human","(3S)-3-(2-benzyl-3-chloro-7-oxo-2,4,5,7-tetrahydro-6H-pyrazolo[3,4-c]pyridin-6-yl)-5-methyl-4-oxo-2,3,4,5-tetrahydro-1,5-benzoxazepine-8-carbonitrile","EJP","-","-","out","out"
"RIPK1","RIPK","TKL","6nw2","A","A","Human","(5R)-5-methyl-N-[(3S)-5-methyl-4-oxo-2,3,4,5-tetrahydro-1,5-benzoxazepin-3-yl]-4,5,6,7-tetrahydro-2H-indazole-3-carboxamide","L4Y","-","-","out","out"
"RIPK1","RIPK","TKL","6c3e","B","A","Human","2-benzyl-5-nitro-1H-benzimidazole","EJY","-","-","out","out"
"RIPK1","RIPK","TKL","7fd0","A","-","Human","N-[(3S)-5-methyl-7-[2-(oxan-4-yl)ethynyl]-4-oxidanylidene-2,3-dihydro-1,5-benzoxazepin-3-yl]-5-(phenylmethyl)-4H-1,2,4-triazole-3-carboxamide","3IU","-","-","out","out"
"RIPK1","RIPK","TKL","5hx6","A","-","Human","5-benzyl-N-[(3S)-5-methyl-4-oxo-2,3,4,5-tetrahydro-1,5-benzoxazepin-3-yl]-1,2-oxazole-3-carboxamide","65U","-","-","out","out"
"RIPK1","RIPK","TKL","6r5f","D","-","Human","[(5~{S})-5-[3,5-bis(fluoranyl)phenyl]pyrazolidin-1-yl]-[1-(5-methyl-1,3,4-oxadiazol-2-yl)piperidin-4-yl]methanone","JSW","-","-","out","out"
"RIPK1","RIPK","TKL","6c4d","D","-","Human","(3S)-3-(2-benzyl-3-chloro-7-oxo-2,4,5,7-tetrahydro-6H-pyrazolo[3,4-c]pyridin-6-yl)-5-methyl-4-oxo-2,3,4,5-tetrahydro-1,5-benzoxazepine-8-carbonitrile","EJP","-","-","out","out"
"RIPK1","RIPK","TKL","6nw2","B","A","Human","(5R)-5-methyl-N-[(3S)-5-methyl-4-oxo-2,3,4,5-tetrahydro-1,5-benzoxazepin-3-yl]-4,5,6,7-tetrahydro-2H-indazole-3-carboxamide","L4Y","-","-","out","out"
"RIPK1","RIPK","TKL","6r5f","A","-","Human","[(5~{S})-5-[3,5-bis(fluoranyl)phenyl]pyrazolidin-1-yl]-[1-(5-methyl-1,3,4-oxadiazol-2-yl)piperidin-4-yl]methanone","JSW","-","-","out","out"
"RIPK1","RIPK","TKL","6hho","B","-","Human","6-[4-[(5~{S})-5-[3,5-bis(fluoranyl)phenyl]pyrazolidin-1-yl]carbonylpiperidin-1-yl]pyrimidine-4-carbonitrile","G4W","-","-","out","out"
"RIPK1","RIPK","TKL","7ydx","A","B","Human","1-methyl-5-[2-(2-methylpropanoylamino)-[1,2,4]triazolo[1,5-a]pyridin-7-yl]-N-[(1S)-1-phenylethyl]indole-3-carboxamide","3CI","-","-","out","out"
"RIPK1","RIPK","TKL","4neu","B","B","Human","1-[4-(1-aminoisoquinolin-5-yl)phenyl]-3-(5-tert-butyl-1,2-oxazol-3-yl)urea","Q1A","-","-","out","in"
"RIPK1","RIPK","TKL","4neu","A","A","Human","1-[4-(1-aminoisoquinolin-5-yl)phenyl]-3-(5-tert-butyl-1,2-oxazol-3-yl)urea","Q1A","-","-","out","in"
"RIPK1","RIPK","TKL","4iti","A","A","Human","1-{(3S,3aS)-3-[3-fluoro-4-(trifluoromethoxy)phenyl]-8-methoxy-3,3a,4,5-tetrahydro-2H-benzo[g]indazol-2-yl}-2-hydroxyethanone","1HW","-","-","out","out"
"RIPK1","RIPK","TKL","4iti","A","B","Human","1-{(3S,3aS)-3-[3-fluoro-4-(trifluoromethoxy)phenyl]-8-methoxy-3,3a,4,5-tetrahydro-2H-benzo[g]indazol-2-yl}-2-hydroxyethanone","1HW","-","-","out","out"
"RIPK1","RIPK","TKL","8i2n","A","-","Human","~{N}-methyl-1-[4-[[[1-methyl-5-(phenylmethyl)pyrazol-3-yl]carbonylamino]methyl]phenyl]benzimidazole-5-carboxamide","O4U","-","-","out","out"
"RIPK1","RIPK","TKL","6ocq","B","A","Human","1-[(2S)-2-(3-fluorophenyl)pyrrolidin-1-yl]-2,2-dimethylpropan-1-one","M5J","-","-","out","out"
"RIPK1","RIPK","TKL","5tx5","B","B","Human","GSK2982772","7MJ","-","-","out","out"
"RIPK1","RIPK","TKL","6nyh","A","-","Human","(5S)-N-[(3S)-7-methoxy-1-methyl-2-oxo-2,3,4,5-tetrahydro-1H-pyrido[3,4-b]azepin-3-yl]-5-phenyl-6,7-dihydro-5H-pyrrolo[1,2-b][1,2,4]triazole-2-carboxamide","L8D","-","-","out","out"
"RIPK1","RIPK","TKL","6rln","A","-","Human","~{N}-[(3~{S})-7,9-bis(fluoranyl)-2-oxidanylidene-1,3,4,5-tetrahydro-1-benzazepin-3-yl]-3-(phenylmethyl)-1~{H}-1,2,4-triazole-5-carboxamide","K8K","-","-","out","out"
"RIPK1","RIPK","TKL","6c4d","B","-","Human","(3S)-3-(2-benzyl-3-chloro-7-oxo-2,4,5,7-tetrahydro-6H-pyrazolo[3,4-c]pyridin-6-yl)-5-methyl-4-oxo-2,3,4,5-tetrahydro-1,5-benzoxazepine-8-carbonitrile","EJP","-","-","out","out"
"RIPK1","RIPK","TKL","4itj","B","A","Human","N-[(1S)-1-(2-chloro-6-fluorophenyl)ethyl]-5-cyano-1-methyl-1H-pyrrole-2-carboxamide","1HX","-","-","out","out"
"RIPK1","RIPK","TKL","4ith","A","A","Human","(5R)-5-[(7-chloro-1H-indol-3-yl)methyl]-3-methylimidazolidine-2,4-dione","RCM","-","-","out","out"
"RIPK1","RIPK","TKL","6c3e","B","B","Human","2-benzyl-5-nitro-1H-benzimidazole","EJY","-","-","out","out"
"RIPK1","RIPK","TKL","6nw2","B","B","Human","(5R)-5-methyl-N-[(3S)-5-methyl-4-oxo-2,3,4,5-tetrahydro-1,5-benzoxazepin-3-yl]-4,5,6,7-tetrahydro-2H-indazole-3-carboxamide","L4Y","-","-","out","out"
"RIPK1","RIPK","TKL","6ocq","A","B","Human","1-[(2S)-2-(3-fluorophenyl)pyrrolidin-1-yl]-2,2-dimethylpropan-1-one","M5J","-","-","out","out"
"RIPK1","RIPK","TKL","6hho","A","-","Human","6-[4-[(5~{S})-5-[3,5-bis(fluoranyl)phenyl]pyrazolidin-1-yl]carbonylpiperidin-1-yl]pyrimidine-4-carbonitrile","G4W","-","-","out","out"
"RIPK1","RIPK","TKL","7ydx","A","A","Human","1-methyl-5-[2-(2-methylpropanoylamino)-[1,2,4]triazolo[1,5-a]pyridin-7-yl]-N-[(1S)-1-phenylethyl]indole-3-carboxamide","3CI","-","-","out","out"
"ROR1","Ror","TK","6tu9","B","-","Human","3-(imidazo[1,2-b]pyridazin-3-ylethynyl)-4-methyl-N-{4-[(4-methylpiperazin-1-yl)methyl]-3-(trifluoromethyl)phenyl}benzamide","0LI","-","-","out","in"
"ROR1","Ror","TK","6tu9","A","-","Human","3-(imidazo[1,2-b]pyridazin-3-ylethynyl)-4-methyl-N-{4-[(4-methylpiperazin-1-yl)methyl]-3-(trifluoromethyl)phenyl}benzamide","0LI","-","-","out","in"
"MAPK13 (p38d)","MAPK","CMGC","4eyj","A","-","Human","1-(3-tert-butyl-1-methyl-1H-pyrazol-5-yl)-3-[4-(pyridin-4-yloxy)phenyl]urea","N61","-","-","out","in"
"MAPK13 (p38d)","MAPK","CMGC","5ekn","A","-","Human","1-(3-tert-butyl-1-methyl-1H-pyrazol-5-yl)-3-[4-(pyridin-4-ylsulfanyl)phenyl]urea","N58","-","-","out","in"
"EGFR","EGFR","TK","5ug9","A","B","Human","N-[(3R,4R)-4-fluoro-1-{6-[(3-methoxy-1-methyl-1H-pyrazol-4-yl)amino]-9-(propan-2-yl)-9H-purin-2-yl}pyrrolidin-3-yl]propanamide","8AM","-","-","out","out"
"EGFR","EGFR","TK","5ug8","A","B","Human","N-[(3R,4R)-4-fluoro-1-{6-[(1-methyl-1H-pyrazol-4-yl)amino]-9-(propan-2-yl)-9H-purin-2-yl}pyrrolidin-3-yl]propanamide","8BP","-","-","out","out"
"CDK8","CDK","CMGC","4f6w","A","-","Human","N-[3-tert-butyl-1-(4-methylphenyl)-1H-pyrazol-5-yl]-4-[2-({[3-tert-butyl-1-(4-methylphenyl)-1H-pyrazol-5-yl]carbamoyl}amino)ethyl]piperazine-1-carboxamide","0SS","-","-","out","in"
"IRAK4","IRAK","TKL","6ega","A","B","Human","3-{2-[(cyclopropanecarbonyl)amino][1,3]thiazolo[5,4-b]pyridin-5-yl}-N-{4-[(piperazin-1-yl)methyl]-3-(trifluoromethyl)phenyl}benzamide","J8A","-","-","out","in"
"IRAK4","IRAK","TKL","6eg9","A","A","Human","3-(imidazo[1,2-b]pyridazin-3-ylethynyl)-4-methyl-N-{4-[(4-methylpiperazin-1-yl)methyl]-3-(trifluoromethyl)phenyl}benzamide","0LI","-","-","out","in"
"IRAK4","IRAK","TKL","6ega","A","A","Human","3-{2-[(cyclopropanecarbonyl)amino][1,3]thiazolo[5,4-b]pyridin-5-yl}-N-{4-[(piperazin-1-yl)methyl]-3-(trifluoromethyl)phenyl}benzamide","J8A","-","-","out","in"
"PTK2 (FAK)","FAK","TK","4i4f","A","A","Human","-","-","N-(4-tert-butylbenzyl)-1,5-dimethyl-1,5-dihydropyrazolo[4,3-c][2,1]benzothiazin-8-amine 4,4-dioxide","1BR","out","in"
"PTK2 (FAK)","FAK","TK","4i4f","A","C","Human","-","-","N-(4-tert-butylbenzyl)-1,5-dimethyl-1,5-dihydropyrazolo[4,3-c][2,1]benzothiazin-8-amine 4,4-dioxide","1BR","out","in"
"PTK2 (FAK)","FAK","TK","4kao","B","-","Human","1-[3-tert-butyl-1-(4-methylphenyl)-1H-pyrazol-5-yl]-3-[4-(pyridin-3-yl)phenyl]urea","KAO","-","-","out","in"
"PTK2 (FAK)","FAK","TK","4k9y","A","B","Human","1-[4-(6-amino-9H-purin-9-yl)phenyl]-3-[3-tert-butyl-1-(4-methylphenyl)-1H-pyrazol-5-yl]urea","K9Y","-","-","out","in"
"PTK2 (FAK)","FAK","TK","4i4f","A","B","Human","-","-","N-(4-tert-butylbenzyl)-1,5-dimethyl-1,5-dihydropyrazolo[4,3-c][2,1]benzothiazin-8-amine 4,4-dioxide","1BR","out","in"
"PTK2 (FAK)","FAK","TK","4kao","A","-","Human","1-[3-tert-butyl-1-(4-methylphenyl)-1H-pyrazol-5-yl]-3-[4-(pyridin-3-yl)phenyl]urea","KAO","-","-","out","in"
"NEK2","NEK","Other","2xk3","A","A","Human","4-[3-AMINO-6-(3-ETHYLTHIOPHEN-2-YL)PYRAZIN-2-YL]CYCLOHEXANE-1-CARBOXYLIC ACID","XK3","-","-","out","out"
"NEK2","NEK","Other","2xk8","A","-","Human","4-[3-amino-6-(3,4,5-trimethoxyphenyl)pyrazin-2-yl]-2-methoxybenzoic acid","5R1","-","-","out","out"
"NEK2","NEK","Other","2jav","A","A","Human","5-[(Z)-(5-CHLORO-2-OXO-1,2-DIHYDRO-3H-INDOL-3-YLIDENE)METHYL]-N-(DIETHYLAMINO)ETHYL]-2,4-DIMETHYL-1H-PYRROLE-3-CARBOXAMIDE","5Z5","-","-","out","out"
"NEK2","NEK","Other","2xno","A","A","Human","5-{6-[(1-methylpiperidin-4-yl)oxy]-1H-benzimidazol-1-yl}-3-{[2-(trifluoromethyl)benzyl]oxy}thiophene-2-carboxamide","ED8","-","-","out","out"
"NEK2","NEK","Other","4a4x","A","-","Human","4-(2-AMINO-5-{4-[(DIMETHYLAMINO)METHYL]THIOPHEN-2-YL}PYRIDIN-3-YL)-2-{(1R)-1-[2-(TRIFLUOROMETHYL)PHENYL]ETHOXY}BENZAMIDE","JUP","-","-","out","out"
"NEK2","NEK","Other","2xnn","A","B","Human","5-(1H-benzimidazol-1-yl)-3-{(1R)-1-[2-(trifluoromethyl)phenyl]ethoxy}thiophene-2-carboxamide","430","-","-","out","out"
"NEK2","NEK","Other","2xk3","A","B","Human","4-[3-AMINO-6-(3-ETHYLTHIOPHEN-2-YL)PYRAZIN-2-YL]CYCLOHEXANE-1-CARBOXYLIC ACID","XK3","-","-","out","out"
"NEK2","NEK","Other","2xnp","A","B","Human","4-{5-[(1-METHYLPIPERIDIN-4-YL)OXY]-1H-BENZIMIDAZOL-1-YL}-2-{(1R)-1-[2-(TRIFLUOROMETHYL)PHENYL]ETHOXY}BENZAMIDE","WCX","-","-","out","out"
"NEK2","NEK","Other","2xk4","A","B","Human","4-[3-amino-6-(3,4,5-trimethoxyphenyl)pyrazin-2-yl]-2-ethoxybenzoic acid","OL2","-","-","out","out"
"NEK2","NEK","Other","2xno","A","B","Human","5-{6-[(1-methylpiperidin-4-yl)oxy]-1H-benzimidazol-1-yl}-3-{[2-(trifluoromethyl)benzyl]oxy}thiophene-2-carboxamide","ED8","-","-","out","out"
"NEK2","NEK","Other","2xnp","A","A","Human","4-{5-[(1-METHYLPIPERIDIN-4-YL)OXY]-1H-BENZIMIDAZOL-1-YL}-2-{(1R)-1-[2-(TRIFLUOROMETHYL)PHENYL]ETHOXY}BENZAMIDE","WCX","-","-","out","out"
"NEK2","NEK","Other","2xnm","A","A","Human","5-{6-[(1-METHYLPIPERIDIN-4-YL)OXY]-1H-BENZIMIDAZOL-1-YL}-3-{(1R)-1-[2-(TRIFLUOROMETHYL)PHENYL]ETHOXY}THIOPHENE-2-CARBOXAMIDE","WGZ","-","-","out","out"
"MAPK9 (JNK2)","MAPK","CMGC","3npc","A","-","Human","1-(5-TERT-BUTYL-2-P-TOLYL-2H-PYRAZOL-3-YL)-3-[4-(2-MORPHOLIN-4-YL-ETHOXY)-NAPHTHALEN-1-YL]-UREA","B96","-","-","out","in"
"ALK","ALK","TK","5iug","A","B","Human","N-[3-(4-{[(5-tert-butyl-1,2-oxazol-3-yl)carbamoyl]amino}-3-methylphenyl)-1H-pyrazol-5-yl]-4-[(4-methylpiperazin-1-yl)methyl]benzamide","729","-","-","out","in"
"ALK","ALK","TK","4fny","A","-","Human","N-(4-chlorophenyl)-5-[(6,7-dimethoxyquinolin-4-yl)oxy]-1,3-benzoxazol-2-amine","I3K","-","-","out","in"
"ALK","ALK","TK","5iuh","A","-","Human","4-[(4-methylpiperazin-1-yl)methyl]-N-{3-[3-methyl-4-({[5-(propan-2-yl)-1,2-oxazol-3-yl]carbamoyl}amino)phenyl]-1H-pyrazol-5-yl}benzamide","34Y","-","-","out","in"
"PTK2B (PYK2)","FAK","TK","4h1j","A","-","Human","1-[3-tert-butyl-1-(4-methylphenyl)-1H-pyrazol-5-yl]-3-[3-(4-methoxy-2-methylphenyl)-1H-pyrazol-5-yl]urea","0YH","-","-","out","in"
"PDPK1 (PDK1)","PDK1","AGC","3qc4","A","A","Human","1-(3,4-difluorobenzyl)-2-oxo-N-{(1R)-2-[(2-oxo-2,3-dihydro-1H-benzimidazol-5-yl)oxy]-1-phenylethyl}-1,2-dihydropyridine-3-carboxamide","MP7","-","-","out","out"
"PDPK1 (PDK1)","PDK1","AGC","3qc4","A","B","Human","1-(3,4-difluorobenzyl)-2-oxo-N-{(1R)-2-[(2-oxo-2,3-dihydro-1H-benzimidazol-5-yl)oxy]-1-phenylethyl}-1,2-dihydropyridine-3-carboxamide","MP7","-","-","out","out"
"PDPK1 (PDK1)","PDK1","AGC","3qc4","B","A","Human","1-(3,4-difluorobenzyl)-2-oxo-N-{(1R)-2-[(2-oxo-2,3-dihydro-1H-benzimidazol-5-yl)oxy]-1-phenylethyl}-1,2-dihydropyridine-3-carboxamide","MP7","-","-","out","out"
"PDPK1 (PDK1)","PDK1","AGC","3nax","A","-","Human","1-(3,4-difluorobenzyl)-2-oxo-N-{(1R)-2-[(2-oxo-2,3-dihydro-1H-benzimidazol-5-yl)oxy]-1-phenylethyl}-1,2-dihydropyridine-3-carboxamide","MP7","-","-","out","out"
"LIMK1","LISK","TKL","7b8w","A","-","Human","2-(2-methylpropanoylamino)-~{N}-[2-[(phenylmethyl)-[4-(phenylsulfamoyl)phenyl]carbonyl-amino]ethyl]-1,3-thiazole-5-carboxamide","T3B","-","-","out","out"
"LIMK1","LISK","TKL","7atu","A","-","Human","(S)-2-benzyl-6-(8-chloro-5-methyl-4-oxo-2,3,4,5-tetrahydrobenzo[b][1,4]oxazepin-3-yl)-7-oxo-4,5,6,7-tetrahydro-2H-pyrazolo[3,4-c]pyridine-3-carboxamide","RXN","-","-","out","out"
"TEK (TIE2)","Tie","TK","4x3j","A","-","Human","1-[4-(4-amino-5-oxopyrido[2,3-d]pyrimidin-8(5H)-yl)phenyl]-3-[2-fluoro-5-(trifluoromethyl)phenyl]urea","3WR","-","-","out","na"
"TEK (TIE2)","Tie","TK","2p4i","A","-","Human","4-METHYL-3-({3-[2-(METHYLAMINO)PYRIMIDIN-4-YL]PYRIDIN-2-YL}OXY)-N-[2-MORPHOLIN-4-YL-5-(TRIFLUOROMETHYL)PHENYL]BENZAMIDE","MR9","-","-","out","out"
"TEK (TIE2)","Tie","TK","6mwe","B","A","Human","4-[4-({[3-tert-butyl-1-(quinolin-6-yl)-1H-pyrazol-5-yl]carbamoyl}amino)-3-fluorophenoxy]-N-methylpyridine-2-carboxamide","919","-","-","out","in"
"TEK (TIE2)","Tie","TK","2p4i","B","-","Human","4-METHYL-3-({3-[2-(METHYLAMINO)PYRIMIDIN-4-YL]PYRIDIN-2-YL}OXY)-N-[2-MORPHOLIN-4-YL-5-(TRIFLUOROMETHYL)PHENYL]BENZAMIDE","MR9","-","-","out","out"
"TEK (TIE2)","Tie","TK","2osc","A","-","Human","N-{4-METHYL-3-[(3-PYRIMIDIN-4-YLPYRIDIN-2-YL)AMINO]PHENYL}-3-(TRIFLUOROMETHYL)BENZAMIDE","MUH","-","-","out","in"
"TEK (TIE2)","Tie","TK","6mwe","A","A","Human","4-[4-({[3-tert-butyl-1-(quinolin-6-yl)-1H-pyrazol-5-yl]carbamoyl}amino)-3-fluorophenoxy]-N-methylpyridine-2-carboxamide","919","-","-","out","in"
"CSF1R (FMS)","PDGFR","TK","8cgc","A","A","Human","[4-[4-[methyl-[(3-methylphenyl)methyl]amino]-7~{H}-pyrrolo[2,3-d]pyrimidin-6-yl]phenyl]methanol","UIK","(2S)-2-hydroxybutanedioic acid","LMR","out","in"
"CSF1R (FMS)","PDGFR","TK","2i0v","A","-","Human","6-CHLORO-3-(3-METHYLISOXAZOL-5-YL)-4-PHENYLQUINOLIN-2(1H)-ONE","6C3","-","-","out","in"
"CSF1R (FMS)","PDGFR","TK","7tnh","A","-","Human","2,2-dimethyl-N-[(6-methyl-5-{[2-(1-methyl-1H-pyrazol-4-yl)pyridin-4-yl]oxy}pyridin-2-yl)carbamoyl]propanamide","I9W","-","-","out","in"
"INSR","InsR","TK","3eta","B","B","Human","1-(3-{5-[4-(aminomethyl)phenyl]-1H-pyrrolo[2,3-b]pyridin-3-yl}phenyl)-3-(2-phenoxyphenyl)urea","351","-","-","out","in"
"INSR","InsR","TK","3eta","A","A","Human","1-(3-{5-[4-(aminomethyl)phenyl]-1H-pyrrolo[2,3-b]pyridin-3-yl}phenyl)-3-(2-phenoxyphenyl)urea","351","-","-","out","in"
"AKT2","Akt","AGC","8q61","A","B","Human","6-[4-(1-azanyl-3-methyl-3-oxidanyl-cyclobutyl)phenyl]-7-phenyl-1-propyl-pyrido[2,3-b][1,4]oxazin-2-one","K06","-","-","out","out"
"RPS6KB1 (p70S6K)","RSK","AGC","3a60","B","-","Human","STAUROSPORINE","STU","-","-","out","na"
"RPS6KB1 (p70S6K)","RSK","AGC","4rlo","B","-","Human","STAUROSPORINE","STU","-","-","out","na"
"STK10 (LOK)","STE20","STE","6gtt","A","B","Human","1-(5-TERT-BUTYL-2-P-TOLYL-2H-PYRAZOL-3-YL)-3-[4-(2-MORPHOLIN-4-YL-ETHOXY)-NAPHTHALEN-1-YL]-UREA","B96","-","-","out","in"
"STK10 (LOK)","STE20","STE","6eim","B","A","Human","~{N}-[5-[4-[[2-fluoranyl-5-(trifluoromethyl)phenyl]carbamoylamino]phenoxy]-1~{H}-benzimidazol-2-yl]furan-2-carboxamide","B6E","-","-","out","in"
"STK10 (LOK)","STE20","STE","4equ","A","A","Human","N-{3-[(3-{4-[(4-methoxyphenyl)amino]-1,3,5-triazin-2-yl}pyridin-2-yl)amino]-4-methylphenyl}-3-(trifluoromethyl)benzamide","G6I","-","-","out","in"
"STK10 (LOK)","STE20","STE","4usd","A","A","Human","4-{5-(6-methoxynaphthalen-2-yl)-1-methyl-2-[2-methyl-4-(methylsulfonyl)phenyl]-1H-imidazol-4-yl}pyridine","R09","-","-","out","in"
"STK10 (LOK)","STE20","STE","4usd","B","A","Human","4-{5-(6-methoxynaphthalen-2-yl)-1-methyl-2-[2-methyl-4-(methylsulfonyl)phenyl]-1H-imidazol-4-yl}pyridine","R09","-","-","out","in"
"STK10 (LOK)","STE20","STE","6i2y","A","-","Human","N-(3-fluoro-4-{[6-methoxy-7-(3-morpholin-4-ylpropoxy)quinolin-4-yl]oxy}phenyl)-N'-(4-fluorophenyl)cyclopropane-1,1-dicarboxamide","88Z","-","-","out","in"
"STK10 (LOK)","STE20","STE","4equ","B","B","Human","N-{3-[(3-{4-[(4-methoxyphenyl)amino]-1,3,5-triazin-2-yl}pyridin-2-yl)amino]-4-methylphenyl}-3-(trifluoromethyl)benzamide","G6I","-","-","out","in"
"STK10 (LOK)","STE20","STE","4equ","A","B","Human","N-{3-[(3-{4-[(4-methoxyphenyl)amino]-1,3,5-triazin-2-yl}pyridin-2-yl)amino]-4-methylphenyl}-3-(trifluoromethyl)benzamide","G6I","-","-","out","in"
"MET","Met","TK","3ctj","A","A","Human","2-(4-fluorophenyl)-N-{[3-fluoro-4-(1H-pyrrolo[2,3-b]pyridin-4-yloxy)phenyl]carbamoyl}acetamide","320","-","-","out","in"
"MET","Met","TK","3lq8","A","A","Human","N-(3-fluoro-4-{[6-methoxy-7-(3-morpholin-4-ylpropoxy)quinolin-4-yl]oxy}phenyl)-N'-(4-fluorophenyl)cyclopropane-1,1-dicarboxamide","88Z","-","-","out","in"
"MET","Met","TK","5dg5","B","A","Human","N-(2,5-difluoro-4-{[2-(1-methyl-1H-pyrazol-4-yl)pyridin-4-yl]oxy}phenyl)-N'-(4-fluorophenyl)cyclopropane-1,1-dicarboxamide","5B4","-","-","out","in"
"MET","Met","TK","3lq8","A","B","Human","N-(3-fluoro-4-{[6-methoxy-7-(3-morpholin-4-ylpropoxy)quinolin-4-yl]oxy}phenyl)-N'-(4-fluorophenyl)cyclopropane-1,1-dicarboxamide","88Z","-","-","out","in"
"MET","Met","TK","4eev","A","A","Human","N-(3-fluoro-4-{[1-methyl-6-(1H-pyrazol-4-yl)-1H-indazol-5-yl]oxy}phenyl)-1-(4-fluorophenyl)-6-methyl-2-oxo-1,2-dihydropyridine-3-carboxamide","L1X","-","-","out","in"
"MET","Met","TK","3l8v","A","-","Human","2-({4-[(2-aminopyridin-4-yl)oxy]-3-fluorophenyl}amino)-N-(2,4-difluorophenyl)pyridine-3-carboxamide","L8V","-","-","out","in"
"MET","Met","TK","6sdd","A","-","Human","N-{4-[(2-amino-3-chloropyridin-4-yl)oxy]-3-fluorophenyl}-4-ethoxy-1-(4-fluorophenyl)-2-oxo-1,2-dihydropyridine-3-carboxamide","353","-","-","out","in"
"MET","Met","TK","6sd9","A","-","Human","N-(3-fluoro-4-{[6-methoxy-7-(3-morpholin-4-ylpropoxy)quinolin-4-yl]oxy}phenyl)-N'-(4-fluorophenyl)cyclopropane-1,1-dicarboxamide","88Z","-","-","out","in"
"MET","Met","TK","5hti","A","A","Human","N-[3-fluoro-4-({7-[2-(morpholin-4-yl)ethoxy]-1,6-naphthyridin-4-yl}oxy)phenyl]-N'-(4-fluorophenyl)cyclopropane-1,1-dicarboxamide","66L","-","-","out","in"
"MET","Met","TK","3ce3","A","-","Human","1-(4-fluorophenyl)-N-[3-fluoro-4-(1H-pyrrolo[2,3-b]pyridin-4-yloxy)phenyl]-2-oxo-1,2-dihydropyridine-3-carboxamide","1FN","-","-","out","in"
"MET","Met","TK","4eev","A","B","Human","N-(3-fluoro-4-{[1-methyl-6-(1H-pyrazol-4-yl)-1H-indazol-5-yl]oxy}phenyl)-1-(4-fluorophenyl)-6-methyl-2-oxo-1,2-dihydropyridine-3-carboxamide","L1X","-","-","out","in"
"MET","Met","TK","3vw8","A","-","Human","N-({4-[(6,7-dimethoxyquinolin-4-yl)oxy]phenyl}carbamothioyl)-2-phenylacetamide","DF6","-","-","out","in"
"MET","Met","TK","3rhk","B","-","Human","1-[(3R,4R)-4-(1H-indol-3-yl)-2,5-dioxopyrrolidin-3-yl]pyrrolo[3,2,1-ij]quinolinium","M97","-","-","out","out"
"MET","Met","TK","4mxc","A","A","Human","N-(3-fluoro-4-{[2-({3-[(methylsulfonyl)methyl]phenyl}amino)pyrimidin-4-yl]oxy}phenyl)-N'-(4-fluorophenyl)cyclopropane-1,1-dicarboxamide","DWF","-","-","out","in"
"MET","Met","TK","3f82","A","-","Human","N-{4-[(2-amino-3-chloropyridin-4-yl)oxy]-3-fluorophenyl}-4-ethoxy-1-(4-fluorophenyl)-2-oxo-1,2-dihydropyridine-3-carboxamide","353","-","-","out","in"
"MET","Met","TK","3efj","A","-","Human","2-benzyl-5-{4-[(6,7-dimethoxyquinolin-4-yl)oxy]-3-fluorophenyl}-3-methylpyrimidin-4(3H)-one","MT3","-","-","out","in"
"MET","Met","TK","5dg5","A","B","Human","N-(2,5-difluoro-4-{[2-(1-methyl-1H-pyrazol-4-yl)pyridin-4-yl]oxy}phenyl)-N'-(4-fluorophenyl)cyclopropane-1,1-dicarboxamide","5B4","-","-","out","in"
"MET","Met","TK","3rhk","A","-","Human","1-[(3R,4R)-4-(1H-indol-3-yl)-2,5-dioxopyrrolidin-3-yl]pyrrolo[3,2,1-ij]quinolinium","M97","-","-","out","out"
"MET","Met","TK","3c1x","A","-","Human","N-{[4-({5-[(4-aminopiperidin-1-yl)methyl]pyrrolo[2,1-f][1,2,4]triazin-4-yl}oxy)-3-fluorophenyl]carbamoyl}-2-(4-fluorophenyl)acetamide","CKK","-","-","out","in"
"MET","Met","TK","6sdc","A","B","Human","N-(3-fluoro-4-{[6-methoxy-7-(3-morpholin-4-ylpropoxy)quinolin-4-yl]oxy}phenyl)-N'-(4-fluorophenyl)cyclopropane-1,1-dicarboxamide","88Z","-","-","out","in"
"MET","Met","TK","3ctj","A","B","Human","2-(4-fluorophenyl)-N-{[3-fluoro-4-(1H-pyrrolo[2,3-b]pyridin-4-yloxy)phenyl]carbamoyl}acetamide","320","-","-","out","in"
"PTK6 (BRK)","Src","TK","6cz4","A","B","Human","2-{[(3R,4S)-3-fluoro-1-{[4-(trifluoromethoxy)phenyl]acetyl}piperidin-4-yl]oxy}-5-(1-methyl-1H-imidazol-4-yl)pyridine-3-carboxamide","FKY","-","-","out","out"
"NTRK1 (TRKA)","Trk","TK","5jfv","A","B","Human","N-{5-[4-amino-7-(propan-2-yl)-7H-pyrrolo[2,3-d]pyrimidine-5-carbonyl]pyridin-3-yl}-2-(4-chlorophenyl)acetamide","6K1","-","-","out","out"
"NTRK1 (TRKA)","Trk","TK","6d1y","A","A","Human","2,4-dichloro-N-(3-methyl-1-phenyl-1H-pyrazol-5-yl)benzamide","FQJ","-","-","out","in"
"NTRK1 (TRKA)","Trk","TK","5kmk","A","-","Human","2-fluoranyl-~{N}-[2-(4-fluorophenyl)-6-methyl-pyridin-3-yl]-4-(trifluoromethyl)benzamide","6UG","-","-","out","in"
"NTRK1 (TRKA)","Trk","TK","4pms","A","B","Human","4-(naphthalen-1-yl)-1-[(5-phenyl-1,2,4-oxadiazol-3-yl)methyl]-1H-pyrrolo[3,2-c]pyridine-2-carboxylic acid","31X","-","-","out","out"
"NTRK1 (TRKA)","Trk","TK","6dkw","A","A","Human","5-(1-methyl-1H-imidazol-4-yl)-2-[(1-{[4-(trifluoromethoxy)phenyl]acetyl}piperidin-4-yl)oxy]benzamide","GXA","-","-","out","out"
"NTRK1 (TRKA)","Trk","TK","6dkw","A","B","Human","5-(1-methyl-1H-imidazol-4-yl)-2-[(1-{[4-(trifluoromethoxy)phenyl]acetyl}piperidin-4-yl)oxy]benzamide","GXA","-","-","out","out"
"NTRK1 (TRKA)","Trk","TK","6pl1","A","B","Human","N-(5-{[(7-methyl-4-oxo-4H-pyrido[1,2-a]pyrimidin-2-yl)methyl]sulfanyl}-1,3,4-thiadiazol-2-yl)-N'-[3-(trifluoromethyl)phenyl]urea","OOJ","-","-","out","in"
"NTRK1 (TRKA)","Trk","TK","6nsp","A","A","Human","N-(8-methyl-2-phenylimidazo[1,2-a]pyridin-3-yl)-2-(3-oxo-2,3-dihydro-4H-1,4-benzothiazin-4-yl)acetamide","L0P","-","-","out","in"
"NTRK1 (TRKA)","Trk","TK","6dkg","A","B","Human","2-{[(3R,4S)-3-fluoro-1-{[4-(trifluoromethoxy)phenyl]acetyl}piperidin-4-yl]oxy}-4-(2-hydroxy-2-methylpropoxy)benzamide","GO7","5-phenylthieno[2,3-d]pyrimidin-4(3H)-one","22L","out","in"
"NTRK1 (TRKA)","Trk","TK","6pl3","A","A","Human","2-[(3-tert-butyl-1-phenyl-1H-pyrazol-5-yl)amino]-2-oxoethyl 4-(1H-tetrazol-1-yl)benzoate","OOD","-","-","out","in"
"NTRK1 (TRKA)","Trk","TK","6d1y","A","B","Human","2,4-dichloro-N-(3-methyl-1-phenyl-1H-pyrazol-5-yl)benzamide","FQJ","-","-","out","in"
"NTRK1 (TRKA)","Trk","TK","5kmo","A","-","Human","1-(2-methyl-4-phenyl-pyrimidin-5-yl)-3-pyridin-2-yl-urea","6UM","-","-","out","in"
"NTRK1 (TRKA)","Trk","TK","6pl4","A","A","Human","N-{[5-(methoxymethyl)-2-(trifluoromethoxy)phenyl]methyl}-N'-(8-methyl-2-phenylimidazo[1,2-a]pyrazin-3-yl)urea","OO7","-","-","out","in"
"NTRK1 (TRKA)","Trk","TK","5kml","A","-","Human","1-(5-methyl-3-phenyl-1,2-oxazol-4-yl)-3-[[2-(trifluoromethyl)phenyl]methyl]urea","6UH","-","-","out","in"
"NTRK1 (TRKA)","Trk","TK","5jfw","A","B","Human","2-(4-cyanophenyl)-N-{5-[7-(propan-2-yl)-7H-pyrrolo[2,3-d]pyrimidine-5-carbonyl]pyridin-3-yl}acetamide","6K2","-","-","out","in"
"NTRK1 (TRKA)","Trk","TK","5kmn","A","-","Human","1-(2-methyl-4-phenyl-pyrimidin-5-yl)-3-[[2-(trifluoromethyl)phenyl]methyl]urea","6UK","-","-","out","in"
"NTRK1 (TRKA)","Trk","TK","6pmb","A","-","Human","2-[5,7-dimethyl-2-(pyridin-3-yl)[1,2,4]triazolo[1,5-a]pyrimidin-6-yl]-N-[3-(trifluoromethyl)phenyl]acetamide","OQM","-","-","out","in"
"NTRK1 (TRKA)","Trk","TK","6pl4","A","B","Human","N-{[5-(methoxymethyl)-2-(trifluoromethoxy)phenyl]methyl}-N'-(8-methyl-2-phenylimidazo[1,2-a]pyrazin-3-yl)urea","OO7","-","-","out","in"
"NTRK1 (TRKA)","Trk","TK","4pmm","A","A","Human","N-(3-cyclopropyl-1-phenyl-1H-pyrazol-5-yl)-2-{4-[3-methoxy-4-(4-methyl-1H-imidazol-1-yl)phenyl]-1H-1,2,3-triazol-1-yl}acetamide","31V","-","-","out","in"
"NTRK1 (TRKA)","Trk","TK","5jfv","A","A","Human","N-{5-[4-amino-7-(propan-2-yl)-7H-pyrrolo[2,3-d]pyrimidine-5-carbonyl]pyridin-3-yl}-2-(4-chlorophenyl)acetamide","6K1","-","-","out","out"
"NTRK1 (TRKA)","Trk","TK","5jfw","A","A","Human","2-(4-cyanophenyl)-N-{5-[7-(propan-2-yl)-7H-pyrrolo[2,3-d]pyrimidine-5-carbonyl]pyridin-3-yl}acetamide","6K2","-","-","out","in"
"NTRK1 (TRKA)","Trk","TK","6pma","A","-","Human","N-[2-chloro-5-(trifluoromethyl)phenyl]-2-[1-(4-methoxyphenyl)-4-oxo-1,4-dihydro-5H-pyrazolo[3,4-d]pyrimidin-5-yl]acetamide","OQS","-","-","out","in"
"NTRK1 (TRKA)","Trk","TK","5h3q","A","B","Human","1-[(3S,4R)-4-[3,4-bis(fluoranyl)phenyl]-1-(2-methoxyethyl)pyrrolidin-3-yl]-3-(5-ethoxy-4-methyl-2-phenyl-pyrazol-3-yl)urea","7HF","-","-","out","in"
"NTRK1 (TRKA)","Trk","TK","6dkw","B","B","Human","5-(1-methyl-1H-imidazol-4-yl)-2-[(1-{[4-(trifluoromethoxy)phenyl]acetyl}piperidin-4-yl)oxy]benzamide","GXA","-","-","out","in"
"NTRK1 (TRKA)","Trk","TK","6nss","A","B","Human","N-(8-methyl-2-phenylimidazo[1,2-a]pyrazin-3-yl)-2-(10H-phenoxazin-10-yl)acetamide","L0M","-","-","out","in"
"NTRK1 (TRKA)","Trk","TK","6npt","A","-","Human","4-tert-butyl-N-(1,3-diphenyl-1H-pyrazol-5-yl)benzamide","KWY","-","-","out","in"
"NTRK1 (TRKA)","Trk","TK","5jfs","A","B","Human","N-{4-[4-amino-7-(propan-2-yl)-7H-pyrrolo[2,3-d]pyrimidine-5-carbonyl]pyridin-2-yl}-N'-(2,4-difluorophenyl)urea","6K0","-","-","out","in"
"NTRK1 (TRKA)","Trk","TK","4pmp","A","A","Human","1-cyclopropyl-1-[3-(1,3-thiazol-2-yl)benzyl]-3-[4-(trifluoromethoxy)phenyl]urea","31W","-","-","out","in"
"NTRK1 (TRKA)","Trk","TK","5jfx","A","-","Human","N-{5-[2-amino-7-(1-hydroxy-2-methylpropan-2-yl)-7H-pyrrolo[2,3-d]pyrimidine-5-carbonyl]pyridin-3-yl}-2-(5-chloropyridin-2-yl)acetamide","6K4","-","-","out","in"
"NTRK1 (TRKA)","Trk","TK","6d1z","A","B","Human","5-{[5-(6-aminopyridin-2-yl)-2-chlorobenzene-1-carbonyl]amino}-1-phenyl-1H-pyrazole-3-carboxamide","FQM","5-(4-fluorophenyl)thieno[2,3-d]pyrimidin-4(3H)-one","FQD","out","in"
"NTRK1 (TRKA)","Trk","TK","6pl3","A","B","Human","2-[(3-tert-butyl-1-phenyl-1H-pyrazol-5-yl)amino]-2-oxoethyl 4-(1H-tetrazol-1-yl)benzoate","OOD","-","-","out","in"
"NTRK1 (TRKA)","Trk","TK","6pmc","A","-","Human","N-(6-{[(5-chloro-2-methoxyphenyl)carbamoyl]amino}-1,3-benzothiazol-2-yl)benzamide","OQJ","-","-","out","in"
"NTRK1 (TRKA)","Trk","TK","4pms","A","A","Human","4-(naphthalen-1-yl)-1-[(5-phenyl-1,2,4-oxadiazol-3-yl)methyl]-1H-pyrrolo[3,2-c]pyridine-2-carboxylic acid","31X","-","-","out","out"
"NTRK1 (TRKA)","Trk","TK","6nss","A","A","Human","N-(8-methyl-2-phenylimidazo[1,2-a]pyrazin-3-yl)-2-(10H-phenoxazin-10-yl)acetamide","L0M","-","-","out","in"
"NTRK1 (TRKA)","Trk","TK","6pl2","A","-","Human","N-(3-tert-butyl-1-phenyl-1H-pyrazol-5-yl)-2-{[1-(4-hydroxyphenyl)-1H-tetrazol-5-yl]sulfanyl}acetamide","OOM","-","-","out","in"
"NTRK1 (TRKA)","Trk","TK","4pmm","A","B","Human","N-(3-cyclopropyl-1-phenyl-1H-pyrazol-5-yl)-2-{4-[3-methoxy-4-(4-methyl-1H-imidazol-1-yl)phenyl]-1H-1,2,3-triazol-1-yl}acetamide","31V","-","-","out","in"
"NTRK1 (TRKA)","Trk","TK","5kmj","A","B","Human","~{N}-(pyridin-2-ylmethyl)-2-(2-thiophen-2-ylindol-1-yl)ethanamide","6UF","-","-","out","in"
"MLKL","TKL-Unique","TKL","6o5z","B","-","Human","1-[2-fluoranyl-5-(trifluoromethyl)phenyl]-3-[4-[methyl-[2-[(3-sulfamoylphenyl)amino]pyrimidin-4-yl]amino]phenyl]urea","LN4","-","-","out","in"
"PRPF4B (PRP4)","DYRK","CMGC","6cnh","A","B","Human","4-[4-({[3-tert-butyl-1-(quinolin-6-yl)-1H-pyrazol-5-yl]carbamoyl}amino)-3-fluorophenoxy]-N-methylpyridine-2-carboxamide","919","-","-","out","in"
"PRPF4B (PRP4)","DYRK","CMGC","6cnh","A","A","Human","4-[4-({[3-tert-butyl-1-(quinolin-6-yl)-1H-pyrazol-5-yl]carbamoyl}amino)-3-fluorophenoxy]-N-methylpyridine-2-carboxamide","919","-","-","out","in"
"FLT3","PDGFR","TK","6il3","A","A","Human","7-methoxy-6-(1-methyl-1H-pyrazol-4-yl)-3-(pyridin-2-yl)imidazo[1,2-a]pyridine","A9R","3-CYCLOHEXYL-1-PROPYLSULFONIC ACID","CXS","out","in"
"FLT3","PDGFR","TK","4rt7","A","B","Human","1-(5-tert-butyl-1,2-oxazol-3-yl)-3-(4-{7-[2-(morpholin-4-yl)ethoxy]imidazo[2,1-b][1,3]benzothiazol-2-yl}phenyl)urea","P30","-","-","out","in"
"FLT3","PDGFR","TK","4xuf","B","-","Human","1-(5-tert-butyl-1,2-oxazol-3-yl)-3-(4-{7-[2-(morpholin-4-yl)ethoxy]imidazo[2,1-b][1,3]benzothiazol-2-yl}phenyl)urea","P30","-","-","out","in"
"FLT3","PDGFR","TK","5x02","A","-","Human","N-[(2S)-1-[5-[2-[(4-cyanophenyl)amino]-4-(propylamino)pyrimidin-5-yl]pent-4-ynylamino]-1-oxidanylidene-propan-2-yl]-4-(dimethylamino)-N-methyl-but-2-enamide","F6M","-","-","out","in"
"FLT3","PDGFR","TK","6il3","A","B","Human","7-methoxy-6-(1-methyl-1H-pyrazol-4-yl)-3-(pyridin-2-yl)imidazo[1,2-a]pyridine","A9R","3-CYCLOHEXYL-1-PROPYLSULFONIC ACID","CXS","out","in"
"FLT3","PDGFR","TK","4rt7","A","A","Human","1-(5-tert-butyl-1,2-oxazol-3-yl)-3-(4-{7-[2-(morpholin-4-yl)ethoxy]imidazo[2,1-b][1,3]benzothiazol-2-yl}phenyl)urea","P30","-","-","out","in"
"FLT3","PDGFR","TK","4xuf","A","-","Human","1-(5-tert-butyl-1,2-oxazol-3-yl)-3-(4-{7-[2-(morpholin-4-yl)ethoxy]imidazo[2,1-b][1,3]benzothiazol-2-yl}phenyl)urea","P30","-","-","out","in"
"MAP2K1","STE7","STE","5hze","A","B","Human","(3S,4R,8S,9S,11E)-8,9,16-trihydroxy-3,4-dimethyl-14-(methylamino)-3,4,5,6,9,10-hexahydro-1H-2-benzoxacyclotetradecine-1,7(8H)-dione","E62","-","-","out","out"
"BRAF","RAF","TKL","4jvg","C","-","Human","1-(5-TERT-BUTYL-2-P-TOLYL-2H-PYRAZOL-3-YL)-3-[4-(2-MORPHOLIN-4-YL-ETHOXY)-NAPHTHALEN-1-YL]-UREA","B96","-","-","out","in"
"BRAF","RAF","TKL","5ct7","A","-","Human","1-methyl-5-({2-[5-(trifluoromethyl)-1H-imidazol-2-yl]pyridin-4-yl}oxy)-N-[4-(trifluoromethyl)phenyl]-1H-benzimidazol-2-amine","55J","-","-","out","in"
"BRAF","RAF","TKL","6v34","B","-","Human","6-amino-5-chloro-N-[(1R)-1-(5-{[5-chloro-4-(trifluoromethyl)pyridin-2-yl]carbamoyl}-1,3-thiazol-2-yl)ethyl]pyrimidine-4-carboxamide","QOP","-","-","out","in"
"BRAF","RAF","TKL","6xlo","A","-","Human","3-(2-cyanopropan-2-yl)-N-[2-fluoro-4-methyl-5-(7-methyl-8-oxo-7,8-dihydropyrido[2,3-d]pyridazin-3-yl)phenyl]benzamide","V5J","-","-","out","in"
"BRAF","RAF","TKL","4g9c","B","-","Human","3-{[3-(2-cyanopropan-2-yl)benzoyl]amino}-2,6-difluoro-N-(3-methoxy-2H-pyrazolo[3,4-b]pyridin-5-yl)benzamide","0WP","-","-","out","in"
"BRAF","RAF","TKL","6xfp","A","B","Human","4-amino-N-{1-[(3-chloro-2-fluorophenyl)amino]-6-methylisoquinolin-5-yl}thieno[3,2-d]pyrimidine-7-carboxamide","V1Y","-","-","out","in"
"BRAF","RAF","TKL","5val","B","-","Human","N-(3-tert-butylphenyl)-4-methyl-3-[6-(morpholin-4-yl)pyrimidin-4-yl]benzamide","92D","-","-","out","in"
"BRAF","RAF","TKL","5vam","A","A","Human","N-{2-methyl-5'-(morpholin-4-yl)-6'-[(oxan-4-yl)oxy][3,3'-bipyridin]-5-yl}-3-(trifluoromethyl)benzamide","92J","-","-","out","in"
"BRAF","RAF","TKL","4ksq","A","-","Human","N-{7-cyano-6-[4-fluoro-3-({[3-(trifluoromethyl)phenyl]carbamoyl}amino)phenoxy]-1,3-benzothiazol-2-yl}cyclopropanecarboxamide","1SW","-","-","out","in"
"BRAF","RAF","TKL","1uwh","B","-","Human","4-{4-[({[4-CHLORO-3-(TRIFLUOROMETHYL)PHENYL]AMINO}CARBONYL)AMINO]PHENOXY}-N-METHYLPYRIDINE-2-CARBOXAMIDE","BAX","-","-","out","in"
"BRAF","RAF","TKL","4g9r","A","-","Human","3-(2-cyanopropan-2-yl)-N-{4-methyl-3-[(3-methyl-4-oxo-3,4-dihydroquinazolin-6-yl)amino]phenyl}benzamide","B1E","-","-","out","in"
"BRAF","RAF","TKL","4dbn","B","-","Human","2-chloro-3-(1-cyanocyclopropyl)-N-[5-({2-[(cyclopropylcarbonyl)amino][1,3]thiazolo[5,4-b]pyridin-5-yl}oxy)-2-fluorophenyl]benzamide","0JA","-","-","out","in"
"BRAF","RAF","TKL","5val","A","-","Human","N-(3-tert-butylphenyl)-4-methyl-3-[6-(morpholin-4-yl)pyrimidin-4-yl]benzamide","92D","-","-","out","in"
"BRAF","RAF","TKL","6n0p","B","A","Human","N-{3-[2-(2-hydroxyethoxy)-6-(morpholin-4-yl)pyridin-4-yl]-4-methylphenyl}-2-(trifluoromethyl)pyridine-4-carboxamide","K81","-","-","out","in"
"BRAF","RAF","TKL","1uwj","A","-","Human","4-{4-[({[4-CHLORO-3-(TRIFLUOROMETHYL)PHENYL]AMINO}CARBONYL)AMINO]PHENOXY}-N-METHYLPYRIDINE-2-CARBOXAMIDE","BAX","-","-","out","in"
"BRAF","RAF","TKL","5hid","B","A","Human","3-(2-cyanopropan-2-yl)-N-{4-methyl-3-[(3-methyl-4-oxo-3,4-dihydroquinazolin-6-yl)amino]phenyl}benzamide","B1E","-","-","out","in"
"BRAF","RAF","TKL","6b8u","B","-","Human","~{N}-[3-(2-acetamidoimidazo[1,2-a]pyridin-6-yl)-4-methyl-phenyl]-3-(trifluoromethyl)benzamide","8EN","-","-","out","out"
"BRAF","RAF","TKL","3q96","B","-","Human","(2S)-N-[3-(2-aminopropan-2-yl)-5-(trifluoromethyl)phenyl]-7-[(7-oxo-5,6,7,8-tetrahydro-1,8-naphthyridin-4-yl)oxy]-1,2,3,4-tetrahydronaphthalene-2-carboxamide","0NF","-","-","out","in"
"BRAF","RAF","TKL","5c9c","A","B","Human","1-(3,3-dimethylbutyl)-3-{2-fluoro-4-methyl-5-[7-methyl-2-(methylamino)pyrido[2,3-d]pyrimidin-6-yl]phenyl}urea","4Z5","-","-","out","in"
"BRAF","RAF","TKL","5hi2","A","-","Human","4-{4-[({[4-CHLORO-3-(TRIFLUOROMETHYL)PHENYL]AMINO}CARBONYL)AMINO]PHENOXY}-N-METHYLPYRIDINE-2-CARBOXAMIDE","BAX","-","-","out","in"
"BRAF","RAF","TKL","4g9r","B","-","Human","3-(2-cyanopropan-2-yl)-N-{4-methyl-3-[(3-methyl-4-oxo-3,4-dihydroquinazolin-6-yl)amino]phenyl}benzamide","B1E","-","-","out","in"
"BRAF","RAF","TKL","4ksp","B","-","Human","N-{7-cyano-6-[4-fluoro-3-({[3-(trifluoromethyl)phenyl]acetyl}amino)phenoxy]-1,3-benzothiazol-2-yl}cyclopropanecarboxamide","1SU","-","-","out","in"
"NTRK3 (TRKC)","Trk","TK","4ymj","A","A","Human","4-[6-(benzylamino)imidazo[1,2-b]pyridazin-3-yl]benzonitrile","4EJ","-","-","out","out"
"NTRK3 (TRKC)","Trk","TK","4ymj","A","B","Human","4-[6-(benzylamino)imidazo[1,2-b]pyridazin-3-yl]benzonitrile","4EJ","-","-","out","out"
"NTRK3 (TRKC)","Trk","TK","6kzd","A","-","Human","3-[2-[6-(4-aminophenyl)imidazo[1,2-a]pyrazin-3-yl]ethynyl]-2-methyl-~{N}-[3-(4-methylpiperazin-1-yl)-5-propan-2-yl-phenyl]benzamide","DZ6","-","-","out","in"
"NTRK3 (TRKC)","Trk","TK","4ymj","B","B","Human","4-[6-(benzylamino)imidazo[1,2-b]pyridazin-3-yl]benzonitrile","4EJ","-","-","out","out"
"Abl1 (ABL1)","Abl","TK","1opj","A","-","Mouse","4-(4-METHYL-PIPERAZIN-1-YLMETHYL)-N-[4-METHYL-3-(4-PYRIDIN-3-YL-PYRIMIDIN-2-YLAMINO)-PHENYL]-BENZAMIDE","STI","-","-","out","in"
"Abl1 (ABL1)","Abl","TK","3mss","C","-","Mouse","4-(4-METHYL-PIPERAZIN-1-YLMETHYL)-N-[4-METHYL-3-(4-PYRIDIN-3-YL-PYRIMIDIN-2-YLAMINO)-PHENYL]-BENZAMIDE","STI","O-benzyl-N-methyl-L-tyrosinamide","MS7","out","in"
"Abl1 (ABL1)","Abl","TK","3ik3","A","-","Mouse","3-(imidazo[1,2-b]pyridazin-3-ylethynyl)-4-methyl-N-{4-[(4-methylpiperazin-1-yl)methyl]-3-(trifluoromethyl)phenyl}benzamide","0LI","-","-","out","in"
"Abl1 (ABL1)","Abl","TK","3kfa","A","-","Mouse","3-{(E)-2-[6-(cyclopropylamino)-9H-purin-9-yl]ethenyl}-4-methyl-N-[3-(4-methyl-1H-imidazol-1-yl)-5-(trifluoromethyl)phenyl]benzamide","B91","-","-","out","in"
"Abl1 (ABL1)","Abl","TK","6hd6","A","B","Mouse","4-(4-METHYL-PIPERAZIN-1-YLMETHYL)-N-[4-METHYL-3-(4-PYRIDIN-3-YL-PYRIMIDIN-2-YLAMINO)-PHENYL]-BENZAMIDE","STI","3-(morpholin-4-ylmethyl)-~{N}-[4-(trifluoromethyloxy)phenyl]benzamide","FYH","out","in"
"Abl1 (ABL1)","Abl","TK","1iep","B","-","Mouse","4-(4-METHYL-PIPERAZIN-1-YLMETHYL)-N-[4-METHYL-3-(4-PYRIDIN-3-YL-PYRIMIDIN-2-YLAMINO)-PHENYL]-BENZAMIDE","STI","-","-","out","in"
"Abl1 (ABL1)","Abl","TK","1opj","B","-","Mouse","4-(4-METHYL-PIPERAZIN-1-YLMETHYL)-N-[4-METHYL-3-(4-PYRIDIN-3-YL-PYRIMIDIN-2-YLAMINO)-PHENYL]-BENZAMIDE","STI","-","-","out","in"
"Abl1 (ABL1)","Abl","TK","6hd6","A","A","Mouse","4-(4-METHYL-PIPERAZIN-1-YLMETHYL)-N-[4-METHYL-3-(4-PYRIDIN-3-YL-PYRIMIDIN-2-YLAMINO)-PHENYL]-BENZAMIDE","STI","3-(morpholin-4-ylmethyl)-~{N}-[4-(trifluoromethyloxy)phenyl]benzamide","FYH","out","in"
"Abl1 (ABL1)","Abl","TK","3ms9","B","B","Mouse","4-(4-METHYL-PIPERAZIN-1-YLMETHYL)-N-[4-METHYL-3-(4-PYRIDIN-3-YL-PYRIMIDIN-2-YLAMINO)-PHENYL]-BENZAMIDE","STI","methyl 2-amino-4-chlorobenzoate","MS9","out","in"
"Abl1 (ABL1)","Abl","TK","3oxz","A","-","Mouse","3-(imidazo[1,2-b]pyridazin-3-ylethynyl)-4-methyl-N-{4-[(4-methylpiperazin-1-yl)methyl]-3-(trifluoromethyl)phenyl}benzamide","0LI","-","-","out","in"
"Abl1 (ABL1)","Abl","TK","3mss","D","-","Mouse","4-(4-METHYL-PIPERAZIN-1-YLMETHYL)-N-[4-METHYL-3-(4-PYRIDIN-3-YL-PYRIMIDIN-2-YLAMINO)-PHENYL]-BENZAMIDE","STI","O-benzyl-N-methyl-L-tyrosinamide","MS7","out","in"
"Abl1 (ABL1)","Abl","TK","1fpu","A","-","Mouse","N-[4-METHYL-3-[[4-(3-PYRIDINYL)-2-PYRIMIDINYL]AMINO]PHENYL]-3-PYRIDINECARBOXAMIDE","PRC","-","-","out","in"
"Abl1 (ABL1)","Abl","TK","6hd4","B","B","Mouse","4-(4-METHYL-PIPERAZIN-1-YLMETHYL)-N-[4-METHYL-3-(4-PYRIDIN-3-YL-PYRIMIDIN-2-YLAMINO)-PHENYL]-BENZAMIDE","STI","6-[(3~{R})-3-oxidanylpyrrolidin-1-yl]-5-pyrimidin-5-yl-~{N}-[4-(trifluoromethyloxy)phenyl]pyridine-3-carboxamide","FYW","out","in"
"Abl1 (ABL1)","Abl","TK","2hzn","A","-","Mouse","1-[4-(PYRIDIN-4-YLOXY)PHENYL]-3-[3-(TRIFLUOROMETHYL)PHENYL]UREA","KIN","-","-","out","in"
"Abl1 (ABL1)","Abl","TK","6hd4","A","B","Mouse","4-(4-METHYL-PIPERAZIN-1-YLMETHYL)-N-[4-METHYL-3-(4-PYRIDIN-3-YL-PYRIMIDIN-2-YLAMINO)-PHENYL]-BENZAMIDE","STI","6-[(3~{R})-3-oxidanylpyrrolidin-1-yl]-5-pyrimidin-5-yl-~{N}-[4-(trifluoromethyloxy)phenyl]pyridine-3-carboxamide","FYW","out","in"
"Abl1 (ABL1)","Abl","TK","3k5v","B","A","Mouse","4-(4-METHYL-PIPERAZIN-1-YLMETHYL)-N-[4-METHYL-3-(4-PYRIDIN-3-YL-PYRIMIDIN-2-YLAMINO)-PHENYL]-BENZAMIDE","STI","3-(6-{[4-(trifluoromethoxy)phenyl]amino}pyrimidin-4-yl)benzamide","STJ","out","in"
"Abl1 (ABL1)","Abl","TK","3kfa","B","-","Mouse","3-{(E)-2-[6-(cyclopropylamino)-9H-purin-9-yl]ethenyl}-4-methyl-N-[3-(4-methyl-1H-imidazol-1-yl)-5-(trifluoromethyl)phenyl]benzamide","B91","-","-","out","in"
"Abl1 (ABL1)","Abl","TK","3mss","A","-","Mouse","4-(4-METHYL-PIPERAZIN-1-YLMETHYL)-N-[4-METHYL-3-(4-PYRIDIN-3-YL-PYRIMIDIN-2-YLAMINO)-PHENYL]-BENZAMIDE","STI","O-benzyl-N-methyl-L-tyrosinamide","MS7","out","in"
"Pomk (SGK196)","Other-Unique","Other","5gz9","A","-","Mouse","PHOSPHOAMINOPHOSPHONIC ACID-ADENYLATE ESTER","ANP","-","-","out","out"
"Mapk14 (p38a)","MAPK","CMGC","3p7a","A","-","Mouse","1-[5-tert-butyl-2-(1,1-dioxidothiomorpholin-4-yl)thiophen-3-yl]-3-naphthalen-1-ylurea","P7A","-","-","out","in"
"Mapk14 (p38a)","MAPK","CMGC","7bdo","A","B","Mouse","~{N}-[[4-[[(2~{S})-4-cyclohexyl-1-[[(3~{S})-1-methylsulfonylpiperidin-3-yl]amino]-1-oxidanylidene-butan-2-yl]carbamoyl]phenyl]methyl]imidazo[1,2-a]pyridine-3-carboxamide","TBK","-","-","out","in"
"Mapk14 (p38a)","MAPK","CMGC","7be4","A","-","Mouse","5-azanyl-~{N}-[[4-[[(2~{S})-4-cyclohexyl-1-[[(3~{R})-1-methylsulfonylpiperidin-3-yl]amino]-1-oxidanylidene-butan-2-yl]carbamoyl]phenyl]methyl]-1-phenyl-pyrazole-4-carboxamide","TK5","-","-","out","in"
"Mapk14 (p38a)","MAPK","CMGC","7be5","A","-","Mouse","5-azanyl-~{N}-[[4-[[(2~{S})-4-cyclohexyl-1-[[(3~{R})-1-methylsulfonylpiperidin-3-yl]amino]-1-oxidanylidene-butan-2-yl]carbamoyl]phenyl]methyl]-1-methyl-pyrazole-4-carboxamide","TKB","-","-","out","in"
"Mapk14 (p38a)","MAPK","CMGC","5lar","A","A","Mouse","5-azanyl-~{N}-[[4-[[(2~{S})-1-azanyl-4-cyclohexyl-1-oxidanylidene-butan-2-yl]carbamoyl]phenyl]methyl]-1-phenyl-pyrazole-4-carboxamide","6SH","-","-","out","in"
"Mapk14 (p38a)","MAPK","CMGC","3p5k","A","-","Mouse","1-{5-tert-butyl-3-[(1,1-dioxidothiomorpholin-4-yl)carbonyl]thiophen-2-yl}-3-naphthalen-1-ylurea","P5K","-","-","out","in"
"Mapk14 (p38a)","MAPK","CMGC","6yjc","A","A","Mouse","5-azanyl-~{N}-[[4-[[(2~{S})-4-cyclohexyl-1-oxidanylidene-1-piperazin-1-yl-butan-2-yl]carbamoyl]phenyl]methyl]-1-phenyl-pyrazole-4-carboxamide","OSZ","-","-","out","in"
"Mapk14 (p38a)","MAPK","CMGC","2puu","A","-","Mouse","5-TERT-BUTYL-2-(4-METHYLPHENYL)-3-{[({4-[6-(MORPHOLIN-4-YLMETHYL)PYRIDIN-3-YL]-1-NAPHTHYL}AMINO)CARBONYL]AMINO}-1H-PYRAZOL-2-IUM","G2G","-","-","out","in"
"Mapk14 (p38a)","MAPK","CMGC","6y4x","A","A","Mouse","5-azanyl-~{N}-[[4-[[(2~{S})-1-[2-(4-chlorophenyl)ethylamino]-4-cyclohexyl-1-oxidanylidene-butan-2-yl]carbamoyl]phenyl]methyl]-1-phenyl-pyrazole-4-carboxamide","O8Q","-","-","out","in"
"Mapk14 (p38a)","MAPK","CMGC","6y4x","A","B","Mouse","5-azanyl-~{N}-[[4-[[(2~{S})-1-[2-(4-chlorophenyl)ethylamino]-4-cyclohexyl-1-oxidanylidene-butan-2-yl]carbamoyl]phenyl]methyl]-1-phenyl-pyrazole-4-carboxamide","O8Q","-","-","out","in"
"Mapk14 (p38a)","MAPK","CMGC","3p7b","A","-","Mouse","1-{5-tert-butyl-3-[(5-oxo-1,4-diazepan-1-yl)carbonyl]thiophen-2-yl}-3-naphthalen-1-ylurea","P7B","-","-","out","in"
"Mapk14 (p38a)","MAPK","CMGC","6y4t","A","A","Mouse","5-azanyl-~{N}-[[4-[[(2~{S})-1-[[(2~{S})-butan-2-yl]amino]-4-cyclohexyl-1-oxidanylidene-butan-2-yl]carbamoyl]phenyl]methyl]-1-phenyl-pyrazole-4-carboxamide","O8W","-","-","out","in"
"Mapk14 (p38a)","MAPK","CMGC","2ewa","A","A","Mouse","4-[5-(4-FLUORO-PHENYL)-2-(4-METHANESULFINYL-PHENYL)-3H-IMIDAZOL-4-YL]-PYRIDINE","SB2","-","-","out","in"
"Mapk14 (p38a)","MAPK","CMGC","6zwr","A","A","Mouse","5-azanyl-~{N}-[[4-[[(2~{S})-4-cyclohexyl-1-oxidanylidene-1-(pyridin-4-ylmethylamino)butan-2-yl]carbamoyl]phenyl]methyl]-1-phenyl-pyrazole-4-carboxamide","OEB","-","-","out","in"
"Mapk14 (p38a)","MAPK","CMGC","3p78","A","-","Mouse","1-{5-tert-butyl-3-[(1,1-dioxidothiomorpholin-4-yl)carbonyl]thiophen-2-yl}-3-naphthalen-2-ylurea","P78","-","-","out","in"
"Mapk14 (p38a)","MAPK","CMGC","5lar","A","B","Mouse","5-azanyl-~{N}-[[4-[[(2~{S})-1-azanyl-4-cyclohexyl-1-oxidanylidene-butan-2-yl]carbamoyl]phenyl]methyl]-1-phenyl-pyrazole-4-carboxamide","6SH","-","-","out","in"
"Mapk14 (p38a)","MAPK","CMGC","6zwr","A","B","Mouse","5-azanyl-~{N}-[[4-[[(2~{S})-4-cyclohexyl-1-oxidanylidene-1-(pyridin-4-ylmethylamino)butan-2-yl]carbamoyl]phenyl]methyl]-1-phenyl-pyrazole-4-carboxamide","OEB","-","-","out","in"
"Mapk14 (p38a)","MAPK","CMGC","6y4v","A","B","Mouse","5-azanyl-~{N}-[[4-[[(2~{S})-4-cyclohexyl-1-(3-methylbutylamino)-1-oxidanylidene-butan-2-yl]carbamoyl]phenyl]methyl]-1-phenyl-pyrazole-4-carboxamide","O8Z","-","-","out","in"
"Mapk14 (p38a)","MAPK","CMGC","6y4w","A","B","Mouse","5-azanyl-~{N}-[[4-[[(2~{S})-4-cyclohexyl-1-(cyclohexylamino)-1-oxidanylidene-butan-2-yl]carbamoyl]phenyl]methyl]-1-phenyl-pyrazole-4-carboxamide","O8T","-","-","out","in"
"Mapk14 (p38a)","MAPK","CMGC","6y4u","A","A","Mouse","5-azanyl-~{N}-[[4-[[(2~{S})-4-cyclohexyl-1-oxidanylidene-1-(pentan-3-ylamino)butan-2-yl]carbamoyl]phenyl]methyl]-1-phenyl-pyrazole-4-carboxamide","O98","-","-","out","in"
"Mapk14 (p38a)","MAPK","CMGC","6yjc","A","B","Mouse","5-azanyl-~{N}-[[4-[[(2~{S})-4-cyclohexyl-1-oxidanylidene-1-piperazin-1-yl-butan-2-yl]carbamoyl]phenyl]methyl]-1-phenyl-pyrazole-4-carboxamide","OSZ","-","-","out","in"
"Mapk14 (p38a)","MAPK","CMGC","7bdq","A","-","Mouse","~{N}-[(2~{S})-4-cyclohexyl-1-[[(3~{R})-1-methylsulfonylpiperidin-3-yl]amino]-1-oxidanylidene-butan-2-yl]-4-[[(1-phenylpyrazolo[3,4-d]pyrimidin-4-yl)amino]methyl]benzamide","TJZ","-","-","out","in"
"Mapk14 (p38a)","MAPK","CMGC","6y6v","A","B","Mouse","5-azanyl-~{N}-[[4-[[5-~{tert}-butyl-2-(4-methylphenyl)pyrazol-3-yl]carbamoyl]phenyl]methyl]-1-phenyl-pyrazole-4-carboxamide","OE5","-","-","out","in"
"Mapk14 (p38a)","MAPK","CMGC","7bdo","A","A","Mouse","~{N}-[[4-[[(2~{S})-4-cyclohexyl-1-[[(3~{S})-1-methylsulfonylpiperidin-3-yl]amino]-1-oxidanylidene-butan-2-yl]carbamoyl]phenyl]methyl]imidazo[1,2-a]pyridine-3-carboxamide","TBK","-","-","out","in"
"Mapk14 (p38a)","MAPK","CMGC","6y4v","A","A","Mouse","5-azanyl-~{N}-[[4-[[(2~{S})-4-cyclohexyl-1-(3-methylbutylamino)-1-oxidanylidene-butan-2-yl]carbamoyl]phenyl]methyl]-1-phenyl-pyrazole-4-carboxamide","O8Z","-","-","out","in"
"Ripk3 (RIPK3)","RIPK","TKL","6oko","B","B","Mouse","1-(4-fluorophenyl)-N-[3-fluoro-4-(1H-pyrrolo[2,3-b]pyridin-4-yloxy)phenyl]-2-oxo-1,2-dihydropyridine-3-carboxamide","1FN","-","-","out","in"
"Ripk3 (RIPK3)","RIPK","TKL","6oko","A","B","Mouse","1-(4-fluorophenyl)-N-[3-fluoro-4-(1H-pyrrolo[2,3-b]pyridin-4-yloxy)phenyl]-2-oxo-1,2-dihydropyridine-3-carboxamide","1FN","-","-","out","in"
"MAP2K7","STE7","STE","6yg6","A","A","Human","~{N}-[4-[(4-ethylpiperazin-1-yl)methyl]-3-(trifluoromethyl)phenyl]-4-methyl-3-[2-[[(3~{S})-1-propanoylpyrrolidin-3-yl]amino]pyrimidin-4-yl]oxy-benzamide","OQ8","-","-","out","in"
"DDR1","DDR","TK","4bkj","A","B","Human","4-(4-METHYL-PIPERAZIN-1-YLMETHYL)-N-[4-METHYL-3-(4-PYRIDIN-3-YL-PYRIMIDIN-2-YLAMINO)-PHENYL]-BENZAMIDE","STI","-","-","out","in"
"DDR1","DDR","TK","6fiq","A","-","Human","1-(1~{H}-indazol-5-ylcarbonyl)-5'-methoxy-1'-[2-oxidanylidene-2-[(2~{S})-2-(trifluoromethyl)pyrrolidin-1-yl]ethyl]spiro[piperidine-4,3'-pyrrolo[3,2-b]pyridine]-2'-one","DJW","-","-","out","in"
"CAMKK1 (CaMKK1)","CAMKK","Other","6ccf","A","-","Human","N-[2-OXO-3-((E)-PHENYL{[4-(PIPERIDIN-1-YLMETHYL)PHENYL]IMINO}METHYL)-2,6-DIHYDRO-1H-INDOL-5-YL]ETHANESULFONAMIDE","H1N","-","-","out","out"
"ABL1","Abl","TK","2e2b","B","-","Human","N-[3-(4,5'-BIPYRIMIDIN-2-YLAMINO)-4-METHYLPHENYL]-4-{[(3S)-3-(DIMETHYLAMINO)PYRROLIDIN-1-YL]METHYL}-3-(TRIFLUOROMETHYL)BENZAMIDE","406","-","-","out","in"
"ABL1","Abl","TK","3cs9","D","A","Human","Nilotinib","NIL","-","-","out","in"
"ABL1","Abl","TK","2hiw","B","-","Human","7-AMINO-1-METHYL-3-(2-METHYL-5-{[3-(TRIFLUOROMETHYL)BENZOYL]AMINO}PHENYL)-2-OXO-2,3-DIHYDROPYRIMIDO[4,5-D]PYRIMIDIN-1-IUM","7MP","-","-","out","in"
"KDR","VEGFR","TK","6xvj","A","-","Human","~{N}-[3-[(dimethylamino)methyl]-5-methyl-phenyl]-2-[3-methoxy-5-(7-methoxyquinolin-4-yl)oxy-pyridin-2-yl]ethanamide","O35","-","-","out","in"
"EIF2AK4 (GCN2)","PEK","Other","6n3l","A","B","Human","N-{6-[(1-methyl-2-{[4-(trifluoromethyl)phenyl]amino}-1H-benzimidazol-5-yl)oxy]pyrimidin-4-yl}cyclopropanecarboxamide","KAV","-","-","out","in"
"MAPK14 (p38a)","MAPK","CMGC","3hv5","A","A","Human","1-[3-tert-butyl-1-(4-methylphenyl)-1H-pyrazol-5-yl]-3-{3-[(6-nitroquinolin-4-yl)amino]phenyl}urea","R24","-","-","out","in"
"MAPK14 (p38a)","MAPK","CMGC","4aa0","A","B","Human","N-[4-methyl-3-[6-(4-methylpiperazin-1-yl)-4-oxidanylidene-quinazolin-3-yl]phenyl]-2-morpholin-4-yl-pyridine-4-carboxamide","AA0","-","-","out","in"
"MAPK14 (p38a)","MAPK","CMGC","3pg3","A","A","Human","1-[3-tert-butyl-1-(4-methylphenyl)-1H-pyrazol-5-yl]-3-{4-[2-(pyridin-3-ylmethoxy)ethyl]-1,3-thiazol-2-yl}urea","DG7","-","-","out","in"
"MAPK14 (p38a)","MAPK","CMGC","5mz3","A","A","Human","~{N}-[3-(2-acetamidoimidazo[1,2-a]pyridin-6-yl)-4-methyl-phenyl]-3-(trifluoromethyl)benzamide","8EN","-","-","out","in"
"MAPK14 (p38a)","MAPK","CMGC","3uvr","A","B","Human","1-[3-tert-butyl-1-(4-methylphenyl)-1H-pyrazol-5-yl]-3-{3-[(5-oxo-6,7,8,9-tetrahydro-5H-benzo[7]annulen-2-yl)amino]phenyl}urea","06F","-","-","out","in"
"MAPK14 (p38a)","MAPK","CMGC","3iw8","A","-","Human","1-{4-[(1S)-1-amino-2-(benzyloxy)ethyl]-1,3-thiazol-2-yl}-3-(3-chloro-4-fluorophenyl)urea","HIZ","-","-","out","in"
"MAPK14 (p38a)","MAPK","CMGC","3hv5","B","A","Human","1-[3-tert-butyl-1-(4-methylphenyl)-1H-pyrazol-5-yl]-3-{3-[(6-nitroquinolin-4-yl)amino]phenyl}urea","R24","-","-","out","in"
"PAK1","STE20","STE","4zjj","D","B","Human","(S)-N-(tert-butyl)-3-((2-chloro-5-ethyl-8-fluoro-dibenzodiazepin-11-yl)amino)pyrrolidine-1-carboxamide","4OR","-","-","out","out"
"PAK1","STE20","STE","4zjj","C","B","Human","(S)-N-(tert-butyl)-3-((2-chloro-5-ethyl-8-fluoro-dibenzodiazepin-11-yl)amino)pyrrolidine-1-carboxamide","4OR","-","-","out","out"
"KIT","PDGFR","TK","6gqk","B","A","Human","~{N}-[4-(6,7-dimethoxyquinazolin-4-yl)oxyphenyl]-2-(1-ethylpyrazol-4-yl)ethanamide","F88","-","-","out","in"
"KIT","PDGFR","TK","7zw8","A","A","Human","~{N}-[[4-(1-methylpyrazol-4-yl)phenyl]methyl]-6-[7-(3-pyrrolidin-1-ylpropoxy)imidazo[1,2-a]pyridin-3-yl]pyrimidin-4-amine","K3R","-","-","out","in"
"LRRK2","LRRK","TKL","7li4","A","-","Human","-","-","ADENOSINE-5&apos;-TRIPHOSPHATE","ATP","out","out"
"LRRK2","LRRK","TKL","7li3","A","-","Human","-","-","ADENOSINE-5&apos;-TRIPHOSPHATE","ATP","out","out"
"LCK","Src","TK","6pdj","A","A","Human","N-{4-[(6-methoxypyrazolo[1,5-a]pyridine-3-carbonyl)amino]-3-methylphenyl}-1-methyl-1H-indazole-3-carboxamide","ODJ","3-CYCLOHEXYL-1-PROPYLSULFONIC ACID","CXS","out","out"
"LRRK2","LRRK","TKL","8txz","A","A","Human","-","-","(2~{R},6~{S})-2,6-dimethyl-4-[6-[5-(1-methylcyclopropyl)oxy-1~{H}-indazol-3-yl]pyrimidin-4-yl]morpholine","A1N","out","out"
"RIPK1","RIPK","TKL","6nyh","B","-","Human","(5S)-N-[(3S)-7-methoxy-1-methyl-2-oxo-2,3,4,5-tetrahydro-1H-pyrido[3,4-b]azepin-3-yl]-5-phenyl-6,7-dihydro-5H-pyrrolo[1,2-b][1,2,4]triazole-2-carboxamide","L8D","-","-","out","out"
"RIPK1","RIPK","TKL","6c3e","A","B","Human","2-benzyl-5-nitro-1H-benzimidazole","EJY","-","-","out","out"
"RIPK1","RIPK","TKL","7fcz","A","-","Human","N-[(3S)-7-(2-cyclopropylethynyl)-5-methyl-4-oxidanylidene-2,3-dihydro-1,5-benzoxazepin-3-yl]-5-(phenylmethyl)-4H-1,2,4-triazole-3-carboxamide","3IF","-","-","out","out"
